count	reward_sum	squared_reward_sum	length
0	-115.41526217639377	10006.522512033904	60
1	-116.50813782966219	10006.038811349266	86
2	-112.12644407616835	10003.842846469319	71
3	-121.08857964415786	10006.069148710314	86
4	-104.79947689707717	10002.573308682673	70
5	-155.33989431849992	10017.692796840445	1768
6	-78.16372601700789	5.7825856726331715	2000
7	-104.3395284721388	10003.071096514666	68
8	-71.2588804261393	10.577740511430072	2000
9	-102.08505731935364	10001.38149151879	67
10	-103.62508526957905	10002.471014051393	54
11	-104.53828197352992	10001.953408319747	56
12	-101.70111093035806	10000.831201861145	81
13	-103.50424211142492	10002.132258827292	71
14	-101.978431989528	10001.438021269907	62
15	-102.8250376963392	10001.866554643508	142
16	-104.91026462401574	10000.875002568542	50
17	-102.17146722135134	10001.65585348051	59
18	-102.59683406504388	10001.290586264637	52
19	-100.79540030909179	10000.981766940336	50
20	-101.78881022258344	10004.356582797518	63
21	-102.6565439635339	10001.168100814253	44
22	-102.7324927627847	10001.167818548678	43
23	-101.7976641548469	10001.301458076809	52
24	-105.42746267822633	10002.32461219019	56
25	-103.24909634707433	10001.75389322228	48
26	-101.3278314209037	10001.49503702022	64
27	-104.59964392572704	10002.350421729412	47
28	-99.50459858087171	10001.426087582055	66
29	-102.94620028424299	10001.324980951475	45
30	-103.89952030222553	10001.776615319977	49
31	-98.41069073586227	10001.394701098401	70
32	-100.6151158837552	10003.018319133034	67
33	-102.66064406621767	10001.526759786306	50
34	-104.15307602519161	10002.551389209424	56
35	-98.58738831834091	10001.586035114882	83
36	-102.53346796896496	10003.17426638168	51
37	-102.74651138284406	10002.378951801968	48
38	-99.21232013742207	10002.969818528682	51
39	-104.15863892586809	10002.730927336132	54
40	-103.748157885709	10002.839037264206	50
41	-97.91900659728687	10001.971413132835	93
42	-98.9705658392574	10005.11713145233	80
43	-99.30214762484007	10001.275937155473	68
44	-101.62134949425639	10000.960346569347	50
45	-98.7369257014369	10001.814051280584	93
46	-99.75782829907212	10001.823457168459	149
47	-103.23924257334151	10001.96473231277	59
48	-103.20553619260497	10001.503426244848	48
49	-102.41965700255645	10001.729577753129	55
50	-102.29703190656348	10003.534209726642	67
51	-97.42784985791674	10002.974986908082	84
52	-98.77711529832784	10001.3641765083	76
53	-102.80691678237241	10001.867759045546	51
54	-101.2930002238208	10001.687025226754	63
55	-93.26773631242166	10002.476806043478	104
56	-94.13837221892791	10002.146235384096	101
57	-63.8065977984188	4.763501308789271	2000
58	-68.18929094839643	9.601300930496036	2000
59	-75.35742310946021	8.270364675231974	2000
60	-135.7387733654897	10012.919685117096	1355
61	-145.86646114658848	10018.17850979695	802
62	-124.61967497413875	10010.327974559195	127
63	-125.52122859927209	10013.09350021931	225
64	-131.3096217765102	10019.988388380938	464
65	-120.93851480749426	10006.016172081874	85
66	-117.96394893689391	10006.39309455542	56
67	-114.67846971191217	10004.952339595515	47
68	-121.83784304937365	10006.096461478144	121
69	-100.68973566586827	10006.161582242432	76
70	-119.88454008935028	10006.640773464533	76
71	-114.58661035082147	10005.257834643235	43
72	-117.97358182720188	10005.375945716803	65
73	-117.50572323307644	10005.641054727887	69
74	-102.751316426953	10002.47738386073	47
75	-119.3860546708128	10013.217999850056	124
76	-99.29006521939455	10005.139049879155	80
77	-119.71538335129858	10007.94402256618	60
78	-98.94499895793642	10007.479858779518	102
79	-116.60136190435293	10005.09979945558	75
80	-128.83693027341707	10006.667873490616	224
81	-126.6810785949627	10007.33052824609	152
82	-100.58612030224913	10006.780983706327	75
83	-101.06490523982343	10008.195493670226	83
84	-123.50655260971877	10007.020870671182	104
85	-99.88098004699157	10005.17648026339	59
86	-100.43862721025265	10007.63036586956	160
87	-122.45971618504214	10007.602677288272	80
88	-105.50145305072579	10003.904459392574	63
89	-119.3903855983175	10006.25543941766	68
90	-100.41411924414511	10005.391591917853	59
91	-102.71611694841397	10003.530401324044	57
92	-103.54585737719185	10004.265281822472	63
93	-118.51524271126029	10006.04665071244	74
94	-103.69946837116895	10002.638745797136	73
95	-120.68138500209261	10006.273724566443	91
96	-125.46538131725214	10008.477991915654	116
97	-115.78320603554013	10005.18955108487	64
98	-100.63567926462818	10006.042633501704	118
99	-122.11296342951266	10005.851751989241	141
100	-120.2110504102634	10011.436421533674	51
101	-122.55675934580415	10013.701711099793	54
102	-124.45313603886923	10014.968001851928	57
103	-120.5343078332219	10011.168166686164	53
104	-123.71028521502332	10013.785979250408	57
105	-122.95294446943406	10013.118313334018	58
106	-120.01634641898207	10010.409491417346	54
107	-119.81644617861727	10010.79246037433	52
108	-125.24331099141244	10014.343549338659	64
109	-121.97355255292635	10012.258928804089	58
110	-118.22273805808896	10009.75274425124	51
111	-124.58836597491057	10013.031958497355	63
112	-179.69117995076817	10012.98566801565	1911
113	-117.72769685887545	10011.09184819408	56
114	-127.11235406884559	10014.99975032043	69
115	-112.3085207829539	10004.725435603932	48
116	-118.1377813236431	10010.375395075893	57
117	-126.07159484962746	10013.87654092393	69
118	-125.83685754188835	10014.12370434917	67
119	-126.94086987969433	10012.91307489835	73
120	-124.06570469081991	10013.797890823784	70
121	-115.53260295938266	10007.475745621696	51
122	-112.83799611984814	10005.536874628417	45
123	-117.98934000551887	10009.963427558192	51
124	-125.80728053331423	10016.051629471729	57
125	-110.86388060709959	10004.125257354002	46
126	-128.1122315967758	10018.572910601148	62
127	-112.11170069860862	10005.408229091661	47
128	-109.23306228383832	10002.7814268386	45
129	-113.94134409997457	10006.806701928459	51
130	-117.07922019941671	10009.578395538358	48
131	-113.89709497037852	10005.66789864748	55
132	-110.59834935284275	10003.582446726878	48
133	-114.31355667867061	10007.499100317256	44
134	-113.55068216619377	10005.203873148976	56
135	-113.68677124508795	10006.657973375983	54
136	-114.69686377826054	10007.150737887938	51
137	-110.81296726776132	10003.478352807088	51
138	-113.78901707130204	10005.871597476647	48
139	-115.37537802475956	10008.533110137669	48
140	-112.91181092263767	10004.889847583212	57
141	-116.78373130682228	10009.314610311918	60
142	-115.85991436587213	10006.979463412876	72
143	-112.73189530141116	10004.624535762385	59
144	-112.98061121485382	10004.987705081025	52
145	-113.16199308638495	10004.503588882664	69
146	-99.37089416228146	10002.877536064003	135
147	-117.74522415943694	10003.350788261903	185
148	-102.38134949740177	10001.345059085961	60
149	-115.3109081115486	10007.384433634055	57
150	-115.70728520109503	10007.864292930102	60
151	-115.21905674433803	10006.825635169344	65
152	-111.69178609884158	10004.16149119312	69
153	-108.16360379750095	10003.153030950525	41
154	-110.74367776863758	10004.017222322818	58
155	-105.77292302804968	10002.437973556607	69
156	-118.60233093401806	10007.737518331316	88
157	-111.0190776435469	10003.666810359864	52
158	-112.10104769689342	10005.638816949688	49
159	-99.63531173466161	10001.390808886812	87
160	-107.2624130080021	10001.9327150641	38
161	-104.29737675741836	10000.930378178191	197
162	-109.30312398758328	10001.559682268724	275
163	-259.3748830295777	10028.053385071658	1918
164	-129.24325308262434	10007.62493623063	164
165	-140.38753853972113	10020.176459627875	179
166	-98.95802602952439	10002.696441239792	83
167	-101.73706832669757	10002.053149688392	100
168	-95.85071371566299	10001.50403068721	115
169	-136.42661260116677	10011.669515910135	172
170	-139.3144068043281	10017.690759448122	162
171	-103.6739694418471	10001.869049901665	165
172	-120.24591480283304	10012.862972669815	259
173	-63.2286038908545	2.4430282405653054	2000
174	-139.92659610738355	10014.8223478774	367
175	-109.05011061288772	10001.591830930269	79
176	-123.78884354228879	10009.445489575157	306
177	-115.725428752924	10008.899289406932	53
178	-88.36180361397528	15.285949368270924	2000
179	-158.12397726881795	10017.686132908198	1011
180	-117.86263955622454	10009.315179565701	93
181	-121.90532716152181	10012.313602627177	74
182	-124.91146660190053	10014.739152209604	87
183	-123.36527638839945	10012.474325301278	88
184	-122.66244856718711	10012.365144019506	89
185	-32.18381671920914	7.986828435663909	2000
186	-124.00166734749601	10013.848864419537	93
187	-129.28908916756484	10016.869567464912	140
188	-123.52312073743343	10013.503585351607	86
189	-122.20502858128229	10012.741475298917	66
190	-122.43840311317612	10013.47657675057	225
191	-123.05802357396965	10013.767300027532	64
192	-125.35515198565679	10013.549227361858	332
193	-121.93565020389569	10008.605550585624	297
194	-81.30059065699676	5.8678663025062265	2000
195	-115.00299171677294	10004.423234567286	909
196	-128.45838091103408	10004.10768180408	1290
197	-53.657903489902345	8.830133849225135	2000
198	-57.831518274156544	4.682269252688847	2000
199	-64.44015689415536	7.000192953206702	2000
200	-68.31915329608842	5.910216643325338	2000
201	-59.47470897904682	3.9825219643478196	2000
202	-93.81620285911696	10002.580652099745	203
203	-134.48476280775614	10004.032329729287	1647
204	-51.25172187245773	5.815483506516926	2000
205	-83.91696532046754	7.13975717182398	2000
206	-102.91303999612535	10003.630148682938	315
207	-109.68226719545962	10004.013255019534	829
208	-108.71606646187232	10004.288601008142	235
209	-126.26366099329593	10004.342171581042	1196
210	-106.29767934013017	10003.247046334429	736
211	-103.47695488053832	10003.953203127636	132
212	-52.53124470289789	5.450515754480319	2000
213	-71.14962298357747	5.625252722944037	2000
214	-97.20470354341795	6.777859210192219	2000
215	-111.98402919450537	9.57827840629735	2000
216	-154.9022449206051	10008.313917881	1778
217	-93.33806412589462	5.531140896314484	2000
218	-81.94136638609864	4.804489790318304	2000
219	-53.1908203645531	3.084218224957207	2000
220	-60.44398713043965	4.514440670799937	2000
221	-61.0094839555236	4.810204481939579	2000
222	-102.96204436821428	10001.123891611904	55
223	-100.27886147394325	7.709159400002365	2000
224	-101.23979063130321	10001.369809171338	75
225	-100.38002113991718	10003.433414650483	89
226	-102.31828960823532	10001.716579074206	74
227	-102.16240601867119	10002.477515468665	65
228	-107.06779134602635	10003.035519293038	51
229	-90.82905634595889	10007.453029495859	140
230	-39.432095418958134	1.8187359433468577	2000
231	-98.90107437859453	10001.84683641862	87
232	-114.04150828996379	10004.10154326722	119
233	-94.29681018932189	10004.200762755618	123
234	-54.50876701106078	15.048727774460406	2000
235	-131.66797137780767	10004.856244879986	1258
236	-113.9463546377397	10003.067817384017	988
237	-59.384933628240766	7.586771004541644	2000
238	-105.23368797522787	10002.900678692804	183
239	-26.149032841868614	6.4761232387629235	2000
240	-93.98685582919947	10004.656860242305	135
241	-131.6570091030888	10006.442349257686	1699
242	-93.8453829052216	10002.65908501545	110
243	-116.93600905046014	10006.19848358024	63
244	-100.04687856550628	10002.157746179531	188
245	-46.1672804088712	5.064362464386597	2000
246	-44.253284219569245	5.968982372474413	2000
247	-94.9264039900872	4.901417473300355	2000
248	-103.62624813745404	10001.273799639659	119
249	-85.13605682936738	10005.985260760233	142
250	-72.49569154850637	10008.712552366736	362
251	-92.12331357842902	10003.458485377334	152
252	-100.55676393045283	10000.852186383789	104
253	-107.25576317247904	10012.259784651058	257
254	-91.50426439540426	10002.466149879414	181
255	-41.315985212933974	5.254893556556667	2000
256	-50.145481008891736	5.486516739917996	2000
257	-49.729119064512595	6.46464648729656	2000
258	-123.23853612717419	10005.042838381403	1392
259	-36.803853063329115	6.5885112866381625	2000
260	-58.541529167461405	15.533887222672845	2000
261	-107.84530952467622	10001.72889326678	136
262	-122.94530628166706	10007.887544166884	125
263	-86.91970214471574	4.334583596847944	2000
264	-109.93802879652432	10006.742177740043	696
265	-93.42461578892848	10001.727357380892	147
266	-127.35089326673399	10003.381150136787	568
267	-64.78822536612985	3.2764198125545683	2000
268	-91.1426222755438	9.254065861970359	2000
269	-64.73605402816708	3.8091409201336135	2000
270	-110.61051322803957	10002.642523510702	86
271	-94.03826075822923	10003.209709490187	94
272	-53.63951222216988	10015.054142886926	490
273	-89.39163476516485	10006.408267173916	271
274	-82.31301930736953	10005.332216911833	229
275	-101.1358121262493	10006.043140031143	199
276	-68.46613330457068	10.329405349396923	2000
277	-80.5025698185437	10005.668627995388	242
278	-93.04794797157231	10003.541388894066	154
279	-97.28585393460506	10002.108153054234	131
280	-88.16925713584673	10004.732056626597	119
281	-68.94275416044309	10015.828313524242	474
282	-92.83963638215428	10002.80762232215	100
283	-100.22946317116792	10001.603904345817	81
284	-87.51960184581166	10004.19304190927	221
285	-92.20935319296395	10004.068467566478	127
286	-87.0527526871436	10008.386959876521	304
287	-88.82905728319035	10004.135633190848	221
288	-88.72179408471108	10003.417533522686	142
289	-92.41935319320726	10003.45783414168	111
290	-88.12377594585763	10004.617111437017	155
291	-90.33182030786698	10004.816717127494	105
292	-91.62595692167866	10003.60223287518	104
293	-87.55086298530557	10005.637245331001	248
294	-55.01876773623604	10.234085063433712	2000
295	-56.16048438867639	19.11612757903861	2000
296	-135.4483038120101	10012.653974388128	136
297	-89.35272586630768	10010.459418234972	480
298	-88.00624696041193	10006.196218571498	338
299	-55.97261381649725	8.809705114380684	2000
300	-92.71094683948837	10004.050841960887	189
301	-92.01960454446798	10006.59422086303	440
302	-78.45890728763476	10008.179626344054	305
303	-103.8695968927462	10003.15398739373	117
304	-97.709491942605	10002.607115347357	115
305	-85.42047793511588	10006.900984048638	269
306	-89.4508814062517	10009.851290374345	254
307	-44.605832390961886	17.543784819552844	2000
308	-34.217571372165395	10021.181289942142	580
309	-116.70766124423133	10008.001581067256	409
310	-81.51160250996668	10006.86879464344	260
311	-82.6698215011488	10006.827786336427	240
312	0.4684206673973387	17.495812813943683	2000
313	-35.9261307054155	20.401091269879192	2000
314	8.749622984841764	10031.221247176638	812
315	-52.65093167893881	6.718171039008172	2000
316	-91.08119484264932	10004.675329759346	235
317	-46.8213067037457	7.484965533688214	2000
318	-15.80506319773489	21.307129948098265	2000
319	-78.67809923371586	10006.273493883928	342
320	-82.48895335606564	10005.092122604445	140
321	-40.82905326156694	7.901346618628874	2000
322	-91.87447518382554	10008.838643633815	240
323	-73.94566959044758	10006.386545339912	187
324	-89.03086805539765	10006.175622668896	251
325	-75.93333767642287	10005.970782758346	202
326	-91.59544445872865	10004.694614814322	244
327	-111.6505088524568	10014.278338684526	709
328	-88.70639328199742	10002.584287256348	112
329	-93.68339944230594	10001.526230042256	92
330	-72.16166289890799	10007.581377832554	203
331	-66.9631105237346	10009.46687898383	212
332	-77.39901142484042	10006.251900956748	166
333	-73.8116527620414	10007.921730827766	164
334	-114.13780072810506	10013.45923209546	699
335	-64.78814670622151	10009.716958801737	287
336	-81.08662059241698	10007.83627767132	161
337	-79.10514730203619	10006.238492534121	159
338	-102.4815167897884	16.482925043780916	2000
339	-86.75474230427226	10003.948106871268	167
340	-55.29911437672365	10014.300923799516	270
341	-79.92704526658827	10007.286044681427	148
342	-85.22247635302267	10014.872856893218	554
343	-3.288697321122399	10023.971589863768	567
344	-78.03392008953782	10005.311646485185	182
345	-92.85693249640285	10003.960048135918	213
346	-83.0140172524315	10004.506331166853	145
347	-86.35121858826113	10003.999246786414	180
348	-91.54047399910671	10004.670527909999	196
349	-80.69742731020247	10006.385882034756	170
350	-105.37411438167194	15.087577824077805	2000
351	-8.806773056369991	10021.709721043313	1003
352	-99.60658843022772	10015.495975816766	692
353	-93.67394433287791	10006.551738056867	187
354	-39.47885881722101	17.27690543655652	2000
355	-88.44283440330747	10006.45915574075	242
356	-76.01787636283694	10006.898881586834	172
357	-71.28530841412861	10007.089150826012	230
358	-86.30012517896539	10003.96533030631	118
359	-93.41449520794134	10004.658753563976	219
360	-77.3892441514782	10006.260980172312	170
361	-25.886343444183566	10016.623073292742	612
362	-25.509226911952336	26.05887374275447	2000
363	7.27510342952786	10025.376937624123	616
364	-76.43678171426393	10005.957408520959	184
365	-90.02640673095381	13.476441021491667	2000
366	-88.87741520128783	10002.892971468833	259
367	35.4842679803989	10043.669908917847	701
368	-37.47284505689475	19.18998397612487	2000
369	-45.72153223918122	10015.021299514785	304
370	-76.60192595721142	10.185574052584334	2000
371	25.42844765726352	10031.826799882241	645
372	-29.166356051117745	10015.096269126903	471
373	-21.92581355204554	10029.611622920109	590
374	-46.77019722623587	10015.2385367139	282
375	-108.10117624113903	10011.99985800291	501
376	-15.371232726200859	10024.411109400125	483
377	-79.51412174676216	10006.270721160876	136
378	-90.68533875047126	10005.993060487943	231
379	-95.43828016070339	10006.459758769035	235
380	-59.74787031437503	10011.06557950614	240
381	-62.512375160844925	10020.40385595685	473
382	-71.34463149654448	10008.872225677569	257
383	15.194044966204109	32.09235334418632	2000
384	-7.471631525086641	28.19170741150598	2000
385	-118.2052239763357	10015.221535057774	871
386	-67.22229788679107	10008.13343233443	434
387	-37.13376338073169	10022.105650008527	396
388	-59.15384329058524	10011.630825998722	285
389	-68.51619384859337	10009.660407678419	273
390	-65.63835811852042	10017.076940505076	498
391	-19.52695814184227	10039.616415874485	966
392	-15.083990400201458	10025.511053335626	420
393	-86.05778514357824	13.215310567143447	2000
394	-77.8984369187882	10005.81587504918	167
395	-33.15167039134053	10019.76486490307	319
396	-23.98888027285615	10026.78745485305	410
397	-48.2304913548628	10016.316240240913	369
398	-66.50038894907635	10011.988131812468	187
399	-56.205685871888875	10014.232919341293	301
400	91.0769962999201	10060.496537509685	760
401	-59.19075103604265	10017.122025615668	454
402	-108.1812209736116	10013.597318907881	463
403	-47.27963245833665	10018.487763658297	367
404	69.1308258952475	43.10964846003303	2000
405	-94.48542487655698	13.257657500818903	2000
406	-8.239352260692485	10024.426355234253	488
407	-42.79928273659991	10016.58142713179	341
408	-8.021225324177422	10029.777828807673	561
409	-97.46080375982153	10005.224028828321	220
410	-91.950925451741	10005.27662737612	228
411	15.044776064208492	10033.993486158028	508
412	-98.54312335236939	10026.652340306746	810
413	-77.74932821695077	10008.730607004307	132
414	-73.09340732291187	10008.414184219859	159
415	-49.431074227404906	10013.986220620167	260
416	3.6137268403619345	10029.188868345173	510
417	32.11959748146313	10041.913830025625	569
418	-69.76912867970424	10009.053352328958	160
419	-69.21593932503134	10009.64979537456	154
420	-41.109391663240125	10016.444744011116	276
421	-11.30307704650528	10025.4401156773	393
422	-20.05550187909887	10024.44265102056	381
423	-54.45065819377839	10015.630167367275	197
424	-76.19748016395457	12.76624585404434	2000
425	-17.09702843754019	21.063908278761733	2000
426	-35.25335123701841	10022.131211428585	321
427	-47.24996269041327	10013.898093311596	367
428	135.09647106109207	10090.197204610482	776
429	-45.39227740655679	10022.329003941675	349
430	-46.9339960516265	10019.058854421126	489
431	-72.20232226036535	10009.601278286216	157
432	37.02597824490962	10042.8068437166	619
433	-36.30497410579731	10029.894506158797	501
434	-23.049576109629157	10025.529200441912	294
435	-54.391199425194245	10013.589758547916	213
436	-75.99873845643569	10007.58967928333	156
437	-69.0966044452574	10009.740336924777	161
438	-89.8278543778734	10004.913363146872	148
439	-36.0868819336552	10019.110971169875	329
440	-63.018394361652305	10011.14788276275	194
441	159.3749766500472	10097.332509478641	959
442	42.907572013594205	10047.614537757023	515
443	-69.61795440705617	10013.520023593854	170
444	94.40455397693495	10067.029980576786	762
445	-66.46397355453198	10009.566193497014	203
446	-51.73814906100273	10016.313204677135	231
447	-65.7558507222748	10011.100165558417	159
448	-89.28650195442823	10005.073774184937	200
449	-55.61015785857748	10021.83648373769	325
450	-65.31578081146074	10011.458318926218	188
451	58.60198854882583	10066.227554024154	485
452	-66.30895647336982	11.08577442957634	2000
453	-76.81583550925407	10007.51081530546	145
454	-92.2507463773042	10004.935104813634	174
455	-58.10325515464615	10013.306493524493	197
456	-7.766096038037702	10029.282485746377	427
457	-17.358943763660278	10026.752677285329	344
458	-76.44933649460722	10007.334442388448	142
459	-97.81312001076884	10007.286560542041	318
460	-94.59819812815712	10014.265576318969	693
461	-44.89340922386599	10020.925759335514	236
462	-50.99101791479693	10026.288078711706	431
463	-73.9499513659842	10009.616384133229	195
464	-72.00058561717238	10007.984666224975	156
465	11.981499176218065	10042.57727000844	401
466	-55.541128760734104	10014.59607292927	206
467	138.6091411112203	10090.82868611273	870
468	132.75496342318917	10096.224917939564	746
469	-24.46044588223961	10024.662500037237	313
470	-54.70554911305609	10015.439554736316	208
471	-29.835954685854645	10026.004036829247	260
472	-58.51066462978446	10016.15737686451	213
473	-72.14216628627744	10007.045477144384	184
474	53.273766357492434	10060.439227533343	512
475	-20.225227627764994	10031.82779731748	303
476	-6.936581033629288	34.541457423617864	2000
477	-90.65263386443925	10004.598255257777	131
478	187.09250915726142	10115.53517070031	857
479	35.048186833029575	10049.887204651955	512
480	-38.450662346718076	10021.83957753557	249
481	-89.0677958421472	10004.717136916228	120
482	-89.98593801327718	10004.543772264315	129
483	-27.032457298625275	10022.673299156431	304
484	-72.51422002065813	10010.95456342343	242
485	-55.08182319841958	10013.2925108071	226
486	-73.89817158858888	10011.007009440606	300
487	-96.74127868516234	10006.959502732498	311
488	-49.50941430788869	10019.700956337416	195
489	-58.48539428256841	10014.426689204822	177
490	-72.37909494672324	10008.00083413119	172
491	-49.83159576213817	10014.821211620678	246
492	127.2916512366624	10088.817204414478	714
493	-72.40864858517482	10008.47173944991	150
494	-76.78791757249172	10007.567736037803	144
495	33.575500366302606	10049.881375258194	442
496	-59.319085795200905	10012.656191522123	226
497	-57.242931495198036	10014.685843927717	177
498	53.93305917509022	10051.317830025922	568
499	16.16640439548017	10038.185300580082	461
500	-6.516597709216541	10030.890939185925	374
501	-41.02786738271315	10021.837839900933	240
502	-1.5089639333594107	10039.709088319712	322
503	311.91391951379205	122.7381836382844	930
504	-73.67818726350647	10.719718215758418	2000
505	-9.746250910704006	10031.143306625925	363
506	-45.60306123753603	10021.194505119733	314
507	-98.70500137894507	10007.669278268522	283
508	-69.89024736591823	10010.960610066018	217
509	68.25256916112869	10077.541801540076	938
510	15.875087646688371	10043.158217723714	384
511	-83.11217731599297	10005.156104608333	124
512	-78.24129016337699	10006.975787566564	122
513	38.47328455927007	10052.015946676116	473
514	10.500465031304316	10038.315295319713	392
515	-13.940487792772657	10031.594803124084	299
516	-75.51770164628708	10009.91322977696	134
517	-77.94509893596506	10007.571074247859	116
518	-44.44659475557134	10016.948078536103	286
519	-83.5381204977371	10004.281005162857	140
520	-32.40118126562126	10021.534640377611	275
521	74.30377991748338	10071.267975479253	511
522	-64.2211181826718	10012.516635040967	182
523	-45.04604126555089	10017.994323815328	236
524	-21.648452078314236	10032.03783549153	266
525	-116.50209588529174	10010.894059418953	238
526	-36.88944462695922	10022.625391165206	240
527	-11.598522699645514	10030.660215222131	330
528	-85.3216971671908	10004.480196127875	140
529	-73.05537364324745	10007.969361709944	141
530	-44.634606655315025	10019.352755800757	234
531	-81.03807471806013	10007.392663880517	116
532	-55.05417533710643	10016.995730235261	217
533	-73.48716269838266	10008.96910305481	168
534	-90.22546213397858	10004.96923960579	184
535	-37.177737821350796	10021.467669380256	238
536	-42.865467182977866	10019.11820205881	268
537	-86.36025170480738	10004.641300573288	137
538	-110.4437673409759	10010.494833610644	616
539	-67.74234184282597	10010.586330073358	153
540	-72.26939404321485	12.302839855916512	2000
541	-63.84683735086826	10011.439380464151	172
542	-93.33233521359088	10005.979027755417	193
543	-86.41840660650921	10004.832023423687	146
544	-57.78649594755394	10012.273726782927	211
545	-31.669107460644895	10021.702953136819	299
546	-81.80858621369126	10009.535620427047	129
547	-63.28979946012422	10012.03814484876	168
548	-69.97116590415537	10013.926875200103	214
549	-48.488545085056046	10019.399390524057	279
550	-37.701175752250386	9.501559914213464	2000
551	-132.1504419634867	10012.033094945065	959
552	-92.59264047547957	10005.221303993536	209
553	-100.75857245757933	10009.80404294088	372
554	-42.351878171071526	10020.46103384348	236
555	-68.10484465158308	10010.767647968672	145
556	39.51178409120354	10057.950648943346	439
557	-71.7172892809603	10011.110547062159	254
558	-24.067607880652403	10025.266782498078	303
559	79.51259646141176	10067.68772648243	612
560	-68.68645367260531	10008.741940292553	214
561	-68.90012989741896	10010.39188912285	147
562	-84.17699521271835	10005.87161630514	195
563	-0.0109293200731031	10035.01927197528	360
564	-43.362360783148844	10020.90210340854	224
565	-23.507550654377155	10028.950789678654	282
566	-70.39419925864591	32.073096934770376	2000
567	-37.982979142459	10021.041417680299	282
568	-15.939795455557118	10031.45406675033	287
569	-56.043816160477746	10014.097281261824	204
570	-88.1762090401027	10004.385723416328	170
571	-69.1280697665211	10011.985187857508	224
572	-3.3462136976671104	10038.580004280499	359
573	-25.37019433491031	10028.367504350084	268
574	-21.747496366878792	10029.906641252564	294
575	-17.2433552545791	10027.129958228255	321
576	11.606039731972544	10039.886960456732	392
577	58.72941693309218	10065.102851549722	496
578	-73.91023331560015	10010.122411294149	184
579	-48.34767269030864	10015.879368397946	242
580	-89.4475169302794	10005.80325035189	171
581	-39.65616649481746	10021.239112616	244
582	-79.70862451990197	10004.765155308285	162
583	-1.2627448546596156	10041.689349161163	324
584	-50.5049204953762	12.156934009831756	2000
585	-71.389869599658	10009.763678450403	197
586	-37.61960817864467	10024.19352146725	224
587	-76.96593631096971	10006.292195679203	143
588	-47.895102248142365	10015.587720591393	270
589	4.643324436284587	10041.40645564232	363
590	-66.45345120335494	10010.513964026659	162
591	-62.64838560361981	10012.08952962832	172
592	-50.032095133907696	10016.4440063523	221
593	-54.70769054332342	10015.15253838351	205
594	-18.86613971640564	10032.438511492805	264
595	-24.27658663973476	10027.600060786663	276
596	-89.3753612573224	10004.92883701713	202
597	-6.018796608326312	10037.905612043334	305
598	-72.21646150843029	10009.066234642954	138
599	-79.61382218776271	10006.03019612534	142
600	-82.20969643132126	10004.742992766833	159
601	-45.83654776311468	10018.177066834347	232
602	-30.184108731695304	10026.845746171237	240
603	-88.17851982951512	10005.103259883592	136
604	67.74993041284154	10068.338641851913	489
605	-88.42810478249713	10004.86581634957	171
606	-90.10648237526394	10004.831923437605	143
607	-4.778582243398347	10038.529190146925	308
608	-53.39022174485328	10016.468962343657	201
609	-23.452697378420027	10028.094675463413	270
610	-73.1602917628129	10007.875981889643	144
611	-3.0864217940461174	10033.957046557303	330
612	-69.45897408777219	10009.49702398787	270
613	-25.044899257845344	10033.951764494774	230
614	-72.61077781796052	10007.996694771196	144
615	-77.3628336286124	10006.350085375761	150
616	-49.82662042084413	10015.74119055922	234
617	-57.22572367045933	10013.460410967202	209
618	24.658068533198076	10045.247790671241	424
619	-79.82351943575568	10005.903303567025	145
620	-82.58516799908713	10004.673831489099	141
621	-69.54588049072385	10008.940407965643	167
622	-6.514161874310375	10031.841176873228	350
623	-27.826737070068077	10025.866160228525	300
624	38.75138235096361	10052.15801483548	469
625	37.61736838207236	10051.96197162131	474
626	-83.55325727425046	10004.063870612266	179
627	-41.50723108416376	10020.61936996921	238
628	-80.29259362513697	10004.98425959245	135
629	-87.45011091228403	10004.52665882677	174
630	-55.76999584796111	10016.396320244392	179
631	36.80095656086817	10057.98809947138	411
632	-24.96360699593785	10026.510223902063	287
633	-79.16022767973195	10005.844243426116	149
634	-42.93332203225974	10015.580228049981	358
635	47.696062100987575	10051.02653547841	545
636	-7.100454103518288	10034.894315337888	316
637	-74.90927981057159	10007.42371723066	146
638	-65.06872214047573	10013.003655316157	182
639	-52.77128367422484	10019.011977902297	215
640	-74.58657264134342	10007.710481637863	150
641	27.403716581285565	10043.798295520844	442
642	6.347657655533169	10038.895775541285	372
643	-1.713455464421287	10034.200432516496	388
644	45.998004268681285	10052.510218514426	491
645	-70.38370335660035	10007.916433870356	253
646	17.230988269132638	10044.96614437316	374
647	-57.78365083598261	10012.417168718675	217
648	26.108185715704963	10040.735741517408	506
649	-10.695733946920313	10033.2232334689	357
650	-82.51759202351792	10004.868401096264	148
651	-53.08365171550224	10016.809016653606	243
652	5.944315485698766	10041.93685486508	399
653	-65.5189401126318	10012.833317544864	170
654	-56.13932126712218	10016.705737451592	179
655	-59.72740147629099	10012.610867141902	201
656	-16.063328783728664	10031.034172252068	318
657	109.71370069621597	10075.982141519318	705
658	-87.50243201653443	10004.100856833553	182
659	85.46194561101711	10074.423456137112	546
660	-89.59972783055196	10004.153602774104	162
661	71.59960760824737	10071.540855965288	690
662	-76.73214759456266	10008.19453005168	134
663	-86.16492244832027	10004.475928936068	170
664	-71.87734854948881	10010.71730645765	219
665	-20.89641684920919	10028.574486410727	312
666	81.60397705038704	10067.685942615473	574
667	-4.993278418289179	10033.601029056075	337
668	60.5427910074728	10060.369100436346	980
669	-90.16192822698632	10007.74895435241	141
670	9.78067310498426	10039.196817426178	387
671	-90.19436234622047	10006.51046542748	219
672	312.0307808885614	110.77121576172858	1022
673	-73.11810335320678	10034.265680016779	417
674	313.14505811039703	117.32144909715608	949
675	128.06967636646024	10076.340814776346	808
676	-32.90985057671868	10035.18395970288	642
677	-79.77761377415442	10005.663166170834	167
678	12.647642456772147	10041.693659972165	503
679	-90.97653373053825	10004.197282142783	150
680	19.245745553861582	10046.365899074448	479
681	-54.93075987667921	10014.95945308403	276
682	18.627152280489923	10041.67360180488	480
683	-47.029663409743414	24.431604566076402	2000
684	311.97675860876757	108.67686932638446	1012
685	-65.46222701522112	10011.467244158355	234
686	-4.662105853756856	10036.19262310953	318
687	-72.16712780819944	10008.920815563786	189
688	314.15546481641485	116.04138795365145	961
689	-84.26072781867224	10004.642350659138	149
690	36.255301966257434	10045.294667457032	513
691	39.55863572614649	10052.97238450223	473
692	-22.874178994320502	10027.278633558295	327
693	-21.86863264241306	10022.564299149462	349
694	61.232307528225476	10059.368056172285	512
695	-18.610983118010736	10032.350769819372	346
696	193.65906223056595	10112.04835284789	936
697	-83.12197839837971	10005.195834325514	144
698	-88.83583943560183	10003.978264303178	156
699	-74.10444688733449	10007.465842472144	209
700	-86.0940590916052	10004.019968674269	166
701	61.28216867374144	10061.533346014903	575
702	-14.509700356865338	10032.407867762626	297
703	-68.28368077221863	10009.97787127062	215
704	114.61242629066734	10075.550607042345	731
705	-71.79756620066149	10009.000960542407	151
706	58.327331095406294	10073.788733160303	636
707	307.80943357799265	106.86039380620518	1056
708	-83.18203492349367	10005.066130066703	133
709	-90.3649043007372	10004.735240083854	147
710	-27.563306777602122	10024.2520519535	299
711	-19.75963143636912	10031.81572514869	306
712	-65.88627519284097	10010.378899406373	189
713	-96.69816549615106	10007.247672016558	277
714	21.815243603258338	10046.699570985333	393
715	-15.211157961742785	10029.480369926992	321
716	-29.583390918005207	10027.30911056977	238
717	-63.01781541727171	10011.68657880789	167
718	-35.61422650202363	10023.707840706029	243
719	-36.74502754350466	10024.971797137336	224
720	67.09321498099919	10070.568971897412	481
721	-70.2725062474623	10010.206578012918	138
722	-23.152645440118775	10034.467115327216	261
723	-85.24276759560104	10004.681446994262	137
724	-16.716238195785337	10031.51341746018	330
725	-33.845968352123265	10024.20825091697	262
726	-78.28164177343855	10005.94565284808	153
727	-57.5161400391908	10015.73562092712	174
728	40.784676317976505	10053.418811002177	486
729	-38.08669236371265	10019.99030752127	266
730	-11.655836855693195	10035.510404855584	340
731	-42.97250212087805	10024.742151164133	231
732	-12.50234147035222	10030.96259991476	325
733	-37.71103130294123	10018.00842252375	298
734	21.08228277541852	10044.986933174952	414
735	-10.257448822020635	10037.216577286104	282
736	-65.53536292498032	10011.844895911878	163
737	103.60017218906509	10082.61165168653	668
738	41.07912266638371	10057.959262691069	443
739	-3.228251092054535	10036.37591036771	426
740	-53.22751882369974	10018.386642756474	177
741	-38.30145513466574	10020.854601606125	253
742	-7.04270778610325	10035.56275988552	302
743	26.8211989350267	10057.020619915027	350
744	188.56135638929277	10111.899393983218	900
745	-41.061478618435714	10024.386851541858	303
746	-21.29746747699285	10034.15554252886	250
747	-64.94860852728577	10012.977694106574	155
748	-68.91707197777492	10009.437333095122	159
749	-25.582064815702708	10030.227885854954	247
750	-54.71375432793197	10012.383054672193	246
751	-68.9525726709927	10010.143014627125	153
752	-70.25677552502742	10010.13311275164	138
753	-0.6939725282661584	10043.183059344407	291
754	-91.82601656898142	10004.477826703589	146
755	-58.884311670568856	10013.74947727866	182
756	-19.728194807100706	10029.845573253311	270
757	-99.27437863941502	10013.396915157395	691
758	95.99529535686739	10079.453971071855	565
759	-63.08057383849397	10010.678061637163	221
760	146.03230582279807	10092.625845219081	770
761	37.8343230202465	10054.814041427882	419
762	-77.19698564142065	10007.576470721462	138
763	-30.523044068160715	10030.87546811905	237
764	77.5648916395642	10076.021796068502	507
765	8.948117122139465	10048.4435166094	315
766	-57.32334443652986	10013.270077491396	247
767	-6.224384709729506	10033.253186680844	329
768	-9.374528493168654	10032.854830347815	326
769	-28.908663118744414	10025.13024295972	258
770	51.484701116801546	10061.956876229784	523
771	64.3416032683761	10067.038829477777	494
772	-74.96543760085984	10007.249942209117	141
773	47.394208354513324	10056.94167468176	463
774	-56.02323519657716	10013.972474181983	197
775	-90.97146879293898	10005.94458263498	168
776	72.2670164831354	10068.918520299603	548
777	23.3251273250348	10049.942879667073	373
778	-20.667274838751354	10034.775678676408	244
779	-70.48958186098251	10010.346094439443	259
780	-65.53510606469726	10010.679141455204	162
781	34.24947617281234	10052.630144253895	417
782	-73.61134795218045	10007.919177534415	142
783	84.26978254808338	10067.562167276343	588
784	109.31685311151986	10081.684406991135	660
785	-67.17264935648056	10010.257547295172	259
786	-44.53964283296363	10019.963119440125	236
787	9.608707072873415	10043.841498956695	342
788	-25.389040118552543	10030.975613361414	262
789	-35.057804399429074	10019.342649538212	280
790	25.937530871968562	10044.842333215314	421
791	-24.99700057996101	10023.684308497084	308
792	-64.97073971440818	10008.69773632952	218
793	-40.11079688988202	10021.972032043901	225
794	18.35108348885905	37.150608484640195	2000
795	11.874133430898311	10047.673565193943	325
796	11.97216975016093	10044.333963493724	385
797	-31.28345167978381	10025.965353090058	253
798	10.563935281027838	10034.71777774062	435
799	-86.96384063390941	10004.629664895418	153
800	5.68862400418891	10039.821112633483	348
801	18.772806803135353	10044.356680559522	397
802	170.485903552122	10097.419211397897	871
803	-20.435655999896625	10027.752139574626	299
804	-72.94074363285695	10011.246738553858	197
805	-70.1724559640605	10009.547473364211	149
806	-85.48020804542125	10004.587968941234	159
807	-78.48507358392528	10005.674665538296	152
808	86.7724230431258	10060.73515782192	747
809	-27.97940424478746	10043.741765810353	648
810	125.53701814868364	10079.210451501911	752
811	-88.1331705045908	10004.037063287538	192
812	45.070523601127604	10051.064704655091	496
813	-17.807792753642048	10027.757254396078	345
814	-27.396382751763312	10027.35942924969	292
815	-62.98401308176865	10011.032110816426	278
816	-61.55038562480879	10012.603643141481	226
817	-54.6613362030681	10014.889379455142	199
818	-61.23289477014228	10012.904805732689	192
819	-72.8990891676915	10007.413039000543	174
820	-40.52841082700417	10018.569683499169	359
821	309.04479379501646	106.21182729953007	1111
822	-16.54125660059374	10031.921407697433	654
823	136.57593739454046	10080.583168039315	871
824	78.35946535969134	10076.93725590688	480
825	312.5002019335995	112.67291185454567	1019
826	64.74253212250179	10064.2785551171	677
827	147.18876135753328	10095.887453105068	831
828	134.1503818254357	10091.890565786554	697
829	-56.922221584084596	10014.068316771692	205
830	-6.258661739883294	10038.584019366912	287
831	-75.53212799567001	10006.007811891932	176
832	105.39657826777686	61.784456720364865	2000
833	-17.18824314260631	10025.85972956055	387
834	198.48371594312175	10116.995032364051	876
835	5.139042381533329	10034.300956188848	453
836	24.18519760246039	10049.430789306853	392
837	316.93733967330394	125.89275241939015	903
838	-36.11670984476745	10024.28054037951	237
839	315.76320451580824	115.2562597743122	951
840	-36.58024819308138	10020.485079049227	265
841	-68.7959220577057	10007.876265783167	240
842	-78.14312474813225	10009.620560727131	270
843	128.58596038735422	10089.948042505539	687
844	310.42712347748784	115.88745343626066	1016
845	110.17666049950029	10077.543464330874	659
846	194.8272387851692	10106.822226070179	961
847	312.2677785258234	116.71714704051557	957
848	-37.83607936833308	10018.792072178156	302
849	-67.49364299772044	10011.268719641877	189
850	123.25161623548087	10078.974504690344	748
851	-21.422738193443394	10023.998724739087	347
852	97.20998313631159	10079.990177425501	581
853	89.94492134399496	10069.441044218878	714
854	184.18509971692038	10107.224209377795	1071
855	-12.842431403297937	10026.361335088146	356
856	-20.62803483990848	10026.25016066868	308
857	73.06583032426028	10059.695711527222	590
858	152.51131246520808	10095.672856896399	834
859	24.649658277835826	10042.583557640857	529
860	-16.736786407630305	10028.19906388438	325
861	41.37162775510842	10054.566852350214	440
862	-13.777787440186046	10031.130300571867	312
863	313.754438960518	119.64583612424252	929
864	55.073467512693924	10055.64667840791	578
865	308.28458303286413	104.1115634031172	1084
866	-23.108612067164344	10026.285619135359	328
867	52.54330354450158	10056.12686144667	508
868	62.224279140738844	10068.11158261011	484
869	318.4751879756422	123.92226158347394	895
870	185.2614169625063	10102.494716239242	945
871	315.7546421312662	121.35207556100076	918
872	54.43908987327447	54.3472928835944	2000
873	316.05285592714216	119.90799560480717	923
874	100.06267653634049	10074.292906182705	607
875	42.61557421210841	10051.539589361004	488
876	131.52338668642798	10089.489772205961	715
877	317.882936975727	139.49813137539223	836
878	62.65771613754194	10065.253447976802	588
879	77.13236733215075	10057.004379110904	683
880	81.26363766402878	10067.566329487125	649
881	315.7101907292406	121.12436094635007	933
882	318.1582939341315	128.72020574458531	880
883	-87.6082363411492	10004.237916696253	154
884	137.29005993133723	10085.346162263726	796
885	317.6193346990897	126.83368870470602	889
886	311.6529124791118	108.05883945807089	1015
887	133.34224910179574	10087.371321678178	724
888	317.642452442755	123.78174759544478	894
889	89.88437866353084	10075.88657066221	584
890	313.37058353745414	123.09034678227991	942
891	-54.26681025202671	10019.684987368295	167
892	313.04546807784595	113.57046386058036	1040
893	47.49911508731864	10057.337987303228	485
894	-62.72795960150024	10011.472576010838	175
895	-2.3622793901820955	10043.86100939732	451
896	317.81736044703246	130.08230907726232	871
897	316.1589127619251	120.68462610862588	938
898	316.45153145973626	124.3716247217368	930
899	53.84494817758949	10064.333675373666	438
900	100.8831573400974	10077.536929336784	601
901	-44.48516418202357	10017.879873107853	278
902	317.83669184841074	128.90092322011154	890
903	141.99295473568085	10096.195744505363	743
904	41.82509887837932	10057.633014764393	433
905	-13.909626517263149	10032.090117395699	299
906	169.6052478083152	10118.450299519636	702
907	318.55385740394473	135.01746850544583	849
908	314.1982764069209	118.49792564970116	972
909	54.48174283646904	10064.72314320789	519
910	-51.38130739462794	10018.173320740594	207
911	123.12873219960349	10086.780959091138	727
912	-54.50573577462875	10015.14264181982	198
913	2.147605424696514	50.374486576377684	2000
914	92.10520078286791	10076.310865453375	560
915	77.87779791623919	10067.299423001476	590
916	-19.23260843283039	10030.702034575563	276
917	116.2319153004119	60.38546805164165	2000
918	25.21131771531597	10050.808901958584	380
919	71.27438834836767	10074.732316141344	468
920	150.31104422766555	10113.332830692912	657
921	17.02941865592588	10048.589023327204	343
922	-11.058124472763367	10028.514903165276	402
923	306.5259418536377	109.55499311638978	1068
924	76.16933593419384	10071.470559704327	514
925	108.50581075378992	10074.284216001066	727
926	40.66769798581706	10055.689818617726	446
927	-30.321789174070545	10026.541484162624	347
928	144.61764748393193	10095.29545807851	795
929	11.863627908528372	10045.839322489108	394
930	4.681954771080157	10037.951300219098	362
931	21.888985194074294	10048.58908889015	386
932	-39.22834171842347	10023.348348410533	220
933	46.900736785605375	10058.845599192939	498
934	185.82312758147987	10120.697566111992	771
935	-60.708453160265215	10013.223580817514	191
936	91.97274852492322	10078.161888560318	609
937	13.084403184451702	10043.383116413686	421
938	80.78366870752888	10063.876699272856	653
939	-83.75328307160889	10005.213481119352	156
940	-8.286454206990115	10031.935050077229	363
941	6.50670673468565	10042.443379338325	353
942	311.745622891045	122.2917896388587	998
943	-62.10099832048327	10031.275223189365	423
944	64.32100844959825	10070.398413019506	494
945	-49.33768229774875	10018.842008813397	192
946	-35.490173107533536	10022.448837293268	247
947	66.17555685860543	10064.989463148835	494
948	90.2598531116981	10075.298451045475	561
949	313.1054092595458	120.77105664282885	977
950	-80.82100965886951	10011.376063127984	350
951	147.84766770554083	10088.01029368933	818
952	316.8030111425015	127.31321254066309	910
953	72.09210105256278	10075.153740032301	532
954	315.7329736670622	123.70845278982482	927
955	23.06642141345796	10042.14989546015	464
956	201.88774084444447	10120.661511529112	867
957	-81.48187531279734	10004.702934552728	154
958	54.43896094790952	10068.750027334287	494
959	207.34886023787044	10137.106340932269	780
960	70.45346062304816	10069.142144062213	610
961	-76.71120486910772	10006.695890664107	141
962	319.39173680582724	133.43196473373155	851
963	315.67151988122265	120.05139497866419	953
964	-67.84499247911916	10011.427115646136	250
965	314.0387344756302	126.32046906158686	936
966	320.83836877925745	136.59229410330562	830
967	316.788862781053	138.91271107556483	901
968	317.35208167800573	124.92724516099048	915
969	2.1896069528301183	10041.829230917347	318
970	91.43830004525748	10081.171533189492	538
971	195.75225692836545	10125.161598710363	806
972	313.6368490272769	115.14295999470555	992
973	130.43932511260152	10089.534802435079	726
974	-10.701719518722413	10036.915167646846	274
975	-39.753989199353164	10023.266554667762	223
976	145.32221575502788	10090.80368898838	908
977	85.53931438196025	10079.849517808545	515
978	320.41324497917066	141.41624376516492	807
979	5.428861819206034	10045.675504001578	329
980	-15.518892468616897	10034.185346896527	279
981	320.0367141120339	141.4319607839873	804
982	193.30644522178352	10120.837914731072	875
983	115.31639469441944	10115.750517249966	682
984	-5.598099659191078	10032.200802056845	359
985	321.84117733868	142.42119933942826	809
986	61.1643432299893	10070.347213516421	452
987	-79.70341290447178	10005.053718475465	159
988	123.07582522802377	10092.879094130181	640
989	116.35507946635033	10088.860228410718	635
990	318.8789667036022	134.78941314961833	846
991	140.408829245442	10096.682534611406	787
992	-4.324971343373107	10038.436812886594	293
993	-52.23025559532487	10017.864586259038	187
994	316.62856107530456	133.31321003567322	883
995	-37.33879970853594	10023.970544143884	231
996	-20.609553590730485	10028.528714837623	361
997	81.3908710031262	10079.993419358934	479
998	129.86454977104856	10094.507429112855	654
999	8.687763553673136	10045.563527583847	320
1000	1.2646054368363622	10058.714372699922	1121
1001	185.3465591725547	10140.164409207997	778
1002	318.2076611574993	133.77359396933187	879
1003	95.09091625875391	10088.327795146322	515
1004	-59.742994799979044	10013.900745570423	184
1005	92.7414667433379	89.0585546123135	2000
1006	62.1659835214526	10074.322911949688	424
1007	-32.08086186334637	33.293402884399164	2000
1008	-1.1526093630389624	10037.22036517721	325
1009	317.7878522232039	129.32758555372698	878
1010	78.68547637450851	10077.635934147826	514
1011	16.977664280398983	10046.125159005303	363
1012	212.14852473797993	10142.37182516896	760
1013	21.969382428894562	10051.304444889784	364
1014	63.5920712961223	10067.707910690022	471
1015	104.45993420080885	10093.635610949836	533
1016	-77.51452799260518	10004.989097963797	165
1017	42.173276175825606	10049.719524442506	510
1018	316.0515175227964	138.803354115118	878
1019	-55.3589519387856	10015.630332896586	180
1020	-32.95261838418055	10024.255067461852	247
1021	318.43909716293723	133.5094684307168	863
1022	77.30537843656305	10061.74149240168	607
1023	134.10923181136	10096.6080215289	646
1024	87.54757894636617	10081.0020947944	535
1025	317.62771326763203	132.98317349248762	866
1026	-22.976114329316346	10032.82450851685	236
1027	20.88487103227085	10056.591501682535	327
1028	-6.313198106654212	10033.376316545537	340
1029	316.9197937087562	135.91958423949754	883
1030	134.8521736715088	10092.255705540447	695
1031	116.30894427115973	10087.82984882976	618
1032	-23.783426796810872	10022.0762116131	364
1033	97.31618986008439	10082.383904927596	572
1034	320.02734945514015	145.77469116104226	804
1035	322.44568563292955	150.1199334011835	757
1036	-40.73421638021404	10021.932888463243	226
1037	-37.54891046084572	10022.962996528458	250
1038	58.122224099302116	10067.840860223892	449
1039	-12.504849016339278	10035.787241146883	268
1040	61.99526318940485	10060.309184875405	527
1041	-16.59124290364109	10030.824629525236	341
1042	125.71623741180412	10085.732346749246	691
1043	62.478383370216164	10069.826533279107	438
1044	-79.98417469814605	10005.209669571748	137
1045	315.6363435843507	128.7851188400308	863
1046	49.21169287078308	10060.855968703972	449
1047	-43.93784808576684	10022.187695411958	207
1048	322.2205498495749	143.82149665301841	785
1049	63.83107609591019	10073.594210737492	435
1050	103.77374180658941	10086.522255442544	566
1051	320.33038372611975	141.21589222006713	799
1052	193.45445545422228	10119.481537245909	849
1053	19.45052505483669	10046.712295184732	373
1054	319.83634446541834	139.52012226845915	824
1055	317.80441205714845	134.52853139012157	893
1056	25.757294278338392	10050.673689279116	392
1057	319.1338573814682	129.30728169793124	884
1058	58.76112471370476	10063.4091370857	468
1059	-33.908329628357805	10024.745800617335	241
1060	109.39558781756955	10080.3927302063	637
1061	79.96875711546738	10071.849442293673	538
1062	58.010732007681895	10061.300364699395	492
1063	84.75724668462945	10089.36879991059	471
1064	113.53398453179344	10100.518574518117	557
1065	51.735612360763156	10062.297863936472	433
1066	-27.78370328673249	10026.83135749367	271
1067	68.72392255688507	10071.169290705791	499
1068	-42.87221149921686	10020.037775911875	232
1069	95.24397480437793	10078.559586204085	580
1070	103.6496456238051	10087.852741108707	550
1071	-20.459600767611832	10030.913095862617	264
1072	2.0724679450933934	10040.667881864078	324
1073	91.70848233803301	10087.597007795053	494
1074	-12.466483175791026	10035.566152344456	295
1075	87.25289079801365	10080.535691598241	513
1076	-7.383955431416638	10033.714730854763	327
1077	33.103401982874665	61.55561558173822	2000
1078	-24.925142228016725	10029.275370236039	255
1079	-75.07145174982878	10007.007087170421	143
1080	-7.383429946807553	10036.26677061135	302
1081	318.0465470792444	141.479187947847	825
1082	102.75761164839037	10084.381949479353	600
1083	314.0366507105845	128.70628196936187	917
1084	-34.71559552172762	10025.193720985078	239
1085	-12.579577429297714	10034.784412155681	386
1086	-66.2028944232816	10010.582750311058	169
1087	322.33667498021913	151.6509805226101	772
1088	113.40988158517507	10098.089047332835	538
1089	322.46186716458413	153.09706860919684	767
1090	312.8263140320232	135.31581174979516	885
1091	-28.1332799335364	10027.194449685445	248
1092	-1.1865859562425243	10036.73936304182	341
1093	-33.99076415293696	10025.708923493943	233
1094	6.122147599079966	10046.348728982057	304
1095	173.23068222728614	10120.880211894431	698
1096	5.962122373970658	10042.764792059505	326
1097	318.2636373147302	131.95373661207253	875
1098	213.44082466369014	10135.580977370992	816
1099	318.8129220089454	136.05772393388025	851
1100	318.92905214599074	138.46889197412025	836
1101	22.535721939485853	10047.718937211786	411
1102	-23.375963634748928	10030.407072618149	298
1103	30.114828353803063	10056.86147127854	361
1104	7.428244211139102	10043.629516218003	318
1105	129.98474330037027	10093.991512782264	649
1106	323.5451904233762	147.18784136185295	793
1107	323.70399517555654	151.43315079390825	773
1108	-1.6679560941308864	10033.115450225681	414
1109	142.3978455593974	10109.693048019775	604
1110	155.01580974726252	10112.765178915344	654
1111	-28.80527641052393	10029.983792239213	223
1112	-63.40899451947361	10011.17275004259	175
1113	42.364885038809206	10059.758807508892	449
1114	-17.307436352296392	10029.738591210345	286
1115	-18.605191840034195	10031.131318358428	330
1116	-2.3765952689975762	10038.963890668676	306
1117	3.639349989491194	10048.859372726243	284
1118	189.81360872031735	10123.383827347694	770
1119	-57.1809699281235	10014.772210865447	189
1120	29.982329206522195	10055.264491861315	372
1121	146.56503509164546	10106.777684663244	670
1122	16.80017620934008	10051.407517303514	333
1123	103.9301726335575	10080.25222433657	595
1124	-34.811395126102255	10023.500576964572	245
1125	59.91722531417395	10068.980633574678	465
1126	-79.36982802883179	10005.056879238527	147
1127	182.33457720420995	10129.644367675286	714
1128	16.84565281785926	10052.34999240584	327
1129	-40.65397719698877	10021.829342156638	225
1130	-12.49368734881638	10041.42968007547	255
1131	-25.51382978600587	10027.273960732782	268
1132	-79.26600059932218	28.6437920419553	2000
1133	318.034397954073	135.66400683509707	843
1134	321.1210111891834	147.23748947924858	767
1135	33.47493781307955	10060.208332368155	365
1136	17.1719795219051	10052.547563223863	319
1137	-37.97510093306307	10022.330977746326	240
1138	-26.809791425745132	10037.525781057448	362
1139	-10.467254020572653	10040.069012856922	314
1140	-60.51744098006902	10011.959679946327	237
1141	322.231354923349	148.07226844183813	768
1142	318.5033575285512	136.55585644489298	843
1143	-75.90265669881013	10010.477830036534	215
1144	-71.51313435656871	10011.571818586013	155
1145	35.88378209143664	10057.265795468284	393
1146	147.59752718183097	10105.74184954429	673
1147	16.629409311773856	10048.725226641407	335
1148	-52.50086218525853	10015.92889287075	218
1149	101.9821103644897	10091.092030428703	513
1150	69.1705882196625	10067.933507991003	494
1151	322.1066381941583	146.83451123405595	781
1152	-38.565321218649096	10018.57219494351	287
1153	-2.004220417816782	10042.55961499074	298
1154	67.63347821715948	10070.718155929935	469
1155	318.33623208179057	135.50689731716727	852
1156	4.319555453627089	10043.293256658626	338
1157	317.2903690187515	127.11952916608601	902
1158	89.9483320748773	10079.136765319152	646
1159	23.111808750711276	10052.89642334056	378
1160	319.17128797593995	136.38125690310065	836
1161	145.48766842996434	10109.956784938522	656
1162	-50.250355684305326	10018.730415602768	218
1163	8.78364043837071	10050.091352831932	292
1164	-70.49944303078968	10017.504074603785	481
1165	124.24983775800573	10099.14596079358	589
1166	-22.47916456726773	10030.212941057922	260
1167	112.38135012577769	10090.833338662223	567
1168	316.6410736433132	124.60204123272388	922
1169	158.02855906842353	10114.1985724731	667
1170	208.68410449322687	10139.624899413431	762
1171	12.602949619581594	10038.697109008514	432
1172	-52.31870965425445	10016.673186053124	196
1173	320.75473375507994	142.6027230815586	801
1174	-21.804248741068875	10029.531765465934	280
1175	92.2100091122852	10083.035345740922	535
1176	20.00385694994604	10057.773556184073	316
1177	-62.81364877299422	10012.3564832951	172
1178	-0.6974065023694322	10035.799108570362	346
1179	-47.39518152733989	10019.261754610729	204
1180	16.810649028669772	10047.497489476238	436
1181	34.656960018575234	10049.441979893958	484
1182	10.054784764583417	10050.304894905461	298
1183	2.1278500646583893	10045.333990428517	289
1184	6.897781692118329	10048.203265754266	366
1185	-70.63579611346879	10010.616409468983	131
1186	-37.558092820086415	10023.8039015338	236
1187	83.67417326523	10075.768102545138	526
1188	121.7187306490801	10108.117245764839	523
1189	317.16223543495414	134.69785516372102	855
1190	-84.69244540773794	10012.186816950209	211
1191	320.6876601341978	142.10679551188602	793
1192	322.5896509369756	144.06518052444028	816
1193	67.31852013287042	10075.698214261149	442
1194	-20.288976960794827	10030.640741496807	259
1195	316.5620602102236	133.13603942588892	867
1196	34.766245733462455	10063.75531623454	338
1197	-43.42616392737548	10020.13596968479	218
1198	-12.054327314316168	10038.974222944993	289
1199	127.78410170798475	10109.554898651482	548
1200	17.191974588248282	46.19498400151425	2000
1201	131.1109086004665	10101.750002149616	615
1202	4.470939597417484	10047.011250127864	279
1203	123.74411415861431	10099.196683545097	568
1204	16.83758075796881	10049.223963786317	327
1205	176.27662302214378	10120.007424128165	730
1206	-29.140960570452492	10028.807724922217	263
1207	77.5529774548838	10075.924802504052	481
1208	319.0673482349786	134.4896449108801	838
1209	320.25106922305855	138.5916239664073	827
1210	202.84983758033286	10123.488867649372	867
1211	141.49279892790594	10114.819233745407	590
1212	184.65707365882088	10128.199830082918	714
1213	19.626935847742388	10053.166227815045	353
1214	318.87352194790304	139.3717964139702	817
1215	-52.2728509520744	10016.704922782526	193
1216	159.97746334607552	10112.105652396398	674
1217	-20.83042638126949	10031.165500719388	284
1218	181.7651392260342	10116.395605311465	767
1219	206.23969545718222	10129.698533956698	822
1220	320.69895752220737	141.65551284871995	812
1221	321.184956774658	134.75704238607597	835
1222	75.1444385577679	10070.729569909437	497
1223	317.1120562800289	136.54086748131053	821
1224	320.0919830768319	139.42168166867873	824
1225	314.58539238432985	122.22263292286999	931
1226	156.39905067848855	10103.192057002016	729
1227	47.68421959214862	10061.011922253223	420
1228	96.76218726092927	10089.011292503297	498
1229	54.08795366721495	10067.066053657169	437
1230	316.127028562371	125.16209763196866	911
1231	319.44520428717	132.93771543554826	856
1232	147.91754283024514	10106.606237381704	649
1233	-53.65870476598897	10018.423901014348	172
1234	321.99411469714045	139.2503961155749	807
1235	29.123954584526842	10049.453645851321	411
1236	95.28271447531074	10084.902772920124	518
1237	32.68109048356695	10054.631378019938	393
1238	324.25502258709975	149.31396814432227	770
1239	34.01275228841595	10058.969133244125	358
1240	140.39758127359605	10109.779720725604	650
1241	-34.66668525067057	10024.965293027766	219
1242	-75.63333767698799	10007.330540833904	133
1243	317.89398090527544	131.9092848504204	873
1244	323.246563559194	151.80213358949348	758
1245	36.677331554356385	10060.165438898057	374
1246	324.80940718063175	155.57921881097178	744
1247	322.5456946851148	150.66802133020101	749
1248	324.49759900930997	157.06846504085422	731
1249	99.70896361067432	10086.78141172705	529
1250	298.71942792473453	138.6457137817414	1228
1251	70.976661329216	10066.020201475436	536
1252	318.4148364310227	140.9959630526328	840
1253	323.88589190359176	155.28611337516807	743
1254	-78.5855323347325	10005.471267546738	141
1255	151.741765873286	10110.62500701272	638
1256	29.896011603772223	10055.378094201807	353
1257	42.977012345738046	10059.938401360068	409
1258	-26.093476086848597	10029.009643851825	245
1259	321.47333894023404	144.77573413698386	808
1260	-66.44093531618368	10022.469326749755	385
1261	316.00601307990644	128.69426451282837	878
1262	319.57416914882293	144.6425274223516	798
1263	76.44822690595589	10076.552981132618	466
1264	-17.121371119314475	10032.204190515307	270
1265	71.15929161349516	10074.17229899511	467
1266	82.02389178438978	10073.354109821448	531
1267	4.434826160756103	10044.560482515344	301
1268	106.22319686839208	10084.852988776598	567
1269	68.91458999431433	10076.885323778932	435
1270	198.5926522457682	10135.301639896827	738
1271	323.5008887156193	149.80573460633303	757
1272	32.42027401019098	10056.657295112984	358
1273	41.08933522048471	10055.898553390967	424
1274	46.73818909075558	10062.24495344013	438
1275	28.340920456373993	10054.616588180357	375
1276	76.1583733040031	10070.825375746257	525
1277	132.07786807660665	10098.690151917634	610
1278	12.829881036986862	10048.570550732666	316
1279	86.86541282716973	10089.61190483136	450
1280	170.7891131630288	10123.806901623399	673
1281	19.097566667654746	10055.040583144119	316
1282	319.08360104571744	136.5767387553948	878
1283	-3.222596512641246	10040.507604276332	304
1284	-76.41478687122344	10006.507222672533	140
1285	46.64259617779291	10067.781816834959	395
1286	154.29308335801773	10117.8758043735	701
1287	-53.49786726942138	10016.160395372393	210
1288	-25.65635658960511	10031.108597947321	272
1289	114.66370049314685	10088.675344207268	607
1290	-9.64827771645298	10034.199070823528	294
1291	99.24810133058659	10093.183765479374	506
1292	-78.51824116154185	10009.61649906532	140
1293	184.96526784291547	10133.910615414457	683
1294	-47.213615216099484	10016.711874047112	244
1295	59.843709756334334	10081.73067126672	563
1296	81.80317557892184	10082.17907177564	472
1297	9.772780446858306	10048.14680626014	343
1298	182.5433966950742	10127.858476272142	737
1299	-10.420971859610034	10039.270496295196	270
1300	117.13601333746527	10102.73156460309	537
1301	112.70869012397638	93.38970222519444	2000
1302	-34.04129395109179	10025.952526825511	225
1303	51.12228936870591	10066.94151390218	402
1304	323.59255949961334	148.57125189675588	774
1305	23.310212051078437	10054.214548052003	342
1306	-23.678822769133518	10030.81462851776	255
1307	-47.7937452254056	10017.251442034993	263
1308	52.956556294008266	10063.456983693839	442
1309	323.3464833156912	145.84059616941568	802
1310	24.515545028267326	10057.024266648248	339
1311	-36.75260176571062	10024.983669677133	298
1312	181.69034328335698	10133.610901026843	682
1313	40.93451522213519	10062.14490087189	386
1314	199.8267946285274	10139.28012491712	717
1315	320.56619882069396	150.00274610689513	790
1316	318.1318204022295	141.73332971128755	801
1317	19.728173879220932	10057.550314365473	359
1318	322.2508403887775	151.88020601432748	753
1319	158.63172268874348	10113.666438571494	656
1320	24.727523431675664	10049.178543358508	396
1321	151.04180606036505	10111.52095050905	647
1322	181.14697416942664	10126.559448292342	738
1323	321.7751044411744	139.01773909994122	825
1324	100.90214701267027	10090.22554495781	522
1325	320.45836278852204	138.08245100584608	846
1326	102.79015400057969	10094.586344286667	503
1327	37.73659160676334	10050.683842269531	446
1328	28.62425112846961	10047.863205246911	650
1329	26.917042609343127	10059.217607596536	370
1330	63.8086803877749	10073.44487280821	436
1331	1.9662121578171252	10046.113053467072	273
1332	118.62199180715524	10092.721049428092	597
1333	57.251785801260525	10074.171150223452	510
1334	60.289002632766966	10063.71588879518	487
1335	317.44543263370326	130.44586552860716	900
1336	58.91717156543004	10074.908318243384	393
1337	-12.48843695220765	10033.522937976253	298
1338	321.82469100737944	142.70392929628844	798
1339	38.37746388438745	10063.910377514714	393
1340	64.74251002614815	10066.526733249191	484
1341	71.47888486664061	10078.546137175965	426
1342	323.83552257073217	155.65385609331207	742
1343	172.00803746148404	10116.692143726325	731
1344	134.51274832560037	10101.85708348183	649
1345	115.63476084384286	10094.813591503214	574
1346	37.2127030912375	10061.909424978861	368
1347	-45.35363436156973	10020.692155309276	200
1348	77.31325418767565	10082.35361002955	486
1349	325.1826802927926	154.48585687059185	741
1350	319.5428652057539	136.46673724755706	823
1351	70.26103646714748	10074.729536697518	462
1352	86.30258425872162	10088.477256270291	451
1353	-81.17634756536773	10004.469507052703	155
1354	-18.237391820292274	10029.855196777109	279
1355	77.41695997209052	10076.01754220724	490
1356	322.1808946152023	147.72449788532072	784
1357	-39.89724942969936	10023.093745346201	208
1358	319.37247152247494	144.1873492736667	867
1359	17.356217628013567	10055.445524567804	303
1360	114.21137711004147	10088.82280307058	600
1361	56.70818209578496	10075.339986623667	390
1362	0.20617698055031042	10039.524592868273	306
1363	135.01908076221602	10105.778721992952	611
1364	-15.663438387138697	10032.315036967691	268
1365	-30.156230337319272	10023.523430483208	276
1366	62.89383761297117	10074.499644045032	425
1367	156.8401457843412	10110.9125525047	677
1368	7.321793470171144	10046.654494817127	299
1369	319.4213328766336	133.6404603010734	863
1370	-80.59971104069146	10004.918014466406	134
1371	5.5771652242239185	10043.861200471625	305
1372	1.358175032037792	10038.607807751368	328
1373	-30.14050245299218	10026.70495313581	251
1374	316.3288621095373	153.73572490024358	859
1375	104.36692456264691	10094.60108757023	498
1376	323.2307237114801	148.14769265456766	790
1377	94.436447121029	10090.459548506375	487
1378	-10.89989441094319	10034.254044189158	301
1379	-6.338266394749596	10037.690281636853	279
1380	170.93777564834534	10137.018545042027	596
1381	319.6202956436371	135.41229140654067	848
1382	161.1940028272748	10119.781525463395	641
1383	321.5705442456901	143.09771330128464	811
1384	-70.02148704516031	10010.008970934365	132
1385	-69.37298861712297	10011.125112352478	164
1386	132.45241929576605	10096.241990665945	671
1387	30.079931320109722	10054.072676919151	374
1388	210.48039426573428	10151.027144959278	751
1389	7.473448441277881	10045.983019379788	314
1390	153.67721725984123	10108.046987248164	664
1391	173.58511962099567	10124.919694182603	689
1392	-21.37007681207541	10030.230222359149	268
1393	105.60938632223835	10084.584151451023	567
1394	324.51910584557834	157.3415411083506	735
1395	181.81714179615443	10130.691617346234	689
1396	16.638146422253726	10050.84493023365	336
1397	317.73206445093996	135.99626515459798	846
1398	81.59659251696587	10080.016883372045	478
1399	-39.748304666986684	10022.466356735014	206
1400	-58.25970781144049	10014.490357788673	189
1401	320.2706054177779	137.10198257657348	844
1402	206.82225848825834	10130.487949512553	804
1403	320.1810157298846	134.01584565712355	851
1404	324.15813749602063	150.25958139949765	774
1405	205.60115491492076	10121.444435971167	902
1406	325.31931727128324	153.6325585201534	748
1407	38.81051843179711	10059.45385545953	388
1408	-48.2520657621368	10019.783605096776	197
1409	8.77344611044363	10043.773435305102	318
1410	186.69112346733704	10146.398380643132	972
1411	323.10068241924535	150.04220039064376	775
1412	33.44768242693607	10059.729917606484	347
1413	323.98649266453486	149.82306085474946	764
1414	322.8167068537038	150.18703110029233	778
1415	73.6725931026831	10071.752791850693	634
1416	319.986560217636	139.3810942321135	826
1417	324.39617800319445	155.78804756489149	753
1418	-70.83566782190263	10009.531884364527	131
1419	-55.402702045673884	10014.403051285239	229
1420	60.63437712677313	10074.07094893895	465
1421	321.2694812273571	142.32397094119287	798
1422	322.4817983565142	148.77449367800733	764
1423	-43.83012119390437	10019.442569139712	210
1424	-31.832154617270007	10025.000107676493	242
1425	-38.67571570614349	10024.10108220186	235
1426	-19.942474639521976	10034.06306977715	233
1427	124.93572049529385	10098.440176750795	574
1428	86.59234005515356	10080.746968317384	501
1429	-58.57652956002144	10016.578917694382	167
1430	174.0207416461027	10137.241527611095	621
1431	323.0919947664947	150.7496286626352	767
1432	147.8133970316584	10123.84315797619	734
1433	318.47787243067967	142.07131477450505	807
1434	323.0905826426494	147.95230988230787	782
1435	322.5658220499127	149.50121010830807	766
1436	-71.94518385298846	10009.744309507088	125
1437	-64.96745938056708	10014.067677927647	148
1438	-48.722261024876055	10018.37135815924	194
1439	33.12997900295568	10063.122946486352	419
1440	113.23685430025262	10093.203308918337	573
1441	-24.969684636202516	10028.866910869732	259
1442	117.343980287434	10100.599807050357	546
1443	30.001879926093977	10056.038804173748	357
1444	59.72598844978563	10072.66371482932	403
1445	67.51950795424204	10078.219131251752	427
1446	-34.652032875904766	10024.163939367278	229
1447	168.67221934245555	10128.420078559002	643
1448	326.01199783481013	158.98508936094598	724
1449	115.57655490898605	10096.979183125735	575
1450	27.06649834115734	10057.775472880503	407
1451	325.66192603529504	158.86014902845784	725
1452	45.362978814506505	10060.169860931544	434
1453	-37.19209186722897	10024.238234734901	212
1454	-44.99912100030437	10020.066045102298	197
1455	323.2630809777034	151.1672659052485	758
1456	52.43942204983546	10067.553091867085	394
1457	-81.86725847897	10004.934661549223	131
1458	-59.519934388881566	10013.801027430109	177
1459	37.680223491486316	10060.372586174833	370
1460	324.05830735575137	155.47583964826973	743
1461	324.5132026696354	151.9079682533324	774
1462	326.17777070683525	163.71281416605723	711
1463	-74.90388607219253	10007.19294070816	134
1464	29.897284460459417	10063.494948197264	365
1465	67.15649481366253	10079.982782719615	414
1466	324.7007566037324	149.3244788401902	766
1467	82.52675525517364	10081.08295431788	499
1468	5.650261683074135	10044.904407723017	304
1469	210.6172947348528	10143.489305223415	759
1470	326.1917833365044	156.63035878036501	741
1471	12.213721693968708	10053.229546993029	287
1472	79.83999217917474	10077.14976351965	475
1473	-65.25408903519545	10012.822851028748	140
1474	324.0834999625008	150.78724577672767	767
1475	57.19905759104677	10074.599549707622	386
1476	-48.70338127415528	10019.341972574113	186
1477	32.76672198419075	10065.29220467992	333
1478	326.8404041375939	161.99671074599982	715
1479	28.975988057309337	10065.323717823117	312
1480	-30.012735528763372	10028.162591863711	221
1481	190.86479086225387	10134.302422659825	704
1482	75.87414561672358	10084.019925972774	453
1483	322.78059936475546	149.9733677671038	770
1484	59.334882323949785	10068.038182929815	457
1485	-25.433369788409763	10029.83478429576	235
1486	-25.7152173452551	10030.439236329534	235
1487	-46.49436457117261	10021.332157571394	183
1488	322.9548498495272	148.21585573481312	771
1489	137.51092920031084	10110.311034484705	578
1490	9.752641680264048	10048.255866079224	299
1491	-64.03509943497536	10017.89881270388	208
1492	90.75729980272027	10089.198775285719	473
1493	33.71829628870802	10056.487141421083	425
1494	-40.45664696890862	10028.328826562392	176
1495	-63.418383883577945	10013.108634216875	157
1496	6.26107965475768	10047.561019268001	291
1497	325.3135628198717	159.3097435839423	735
1498	323.09356072987913	151.93793576308465	759
1499	199.06392754525916	10140.664752476043	718
1500	195.49934142361542	10139.88383294194	697
1501	-69.04963186131302	10009.983755579096	147
1502	100.86379152724268	10088.187376538674	528
1503	108.50727155982383	10097.721347010041	554
1504	133.5474937741208	10101.482179810775	649
1505	-71.61143502787765	10012.007919787467	115
1506	318.6107335500239	149.54217654652803	756
1507	-15.820561724960228	10036.75285313946	240
1508	324.7160818188394	160.29946748671833	728
1509	195.60396800952174	10146.720774256884	681
1510	-23.80139683634613	10033.461490788164	241
1511	-58.10005388691042	10015.485660687822	155
1512	-42.68416301557532	10026.141454267707	176
1513	-47.47983338655654	10020.609633183392	200
1514	322.28574688800705	151.88316000923254	758
1515	213.79226320142402	10151.018994114125	726
1516	-25.641634658248535	10028.890457394138	237
1517	122.0767329176889	10105.092164895748	544
1518	67.98516551818634	10076.564978385757	429
1519	-22.26878825178477	10032.937538620567	265
1520	-3.84414547631377	10040.94021856591	344
1521	321.9592439508641	146.919964893679	789
1522	96.86140301709338	10093.256576479816	489
1523	-77.09078656156531	10008.732487088118	129
1524	61.41893884292048	10082.275825197252	368
1525	33.799772861588764	10053.089362985189	448
1526	-58.083249364885035	10016.691662041441	163
1527	13.972025165763867	10056.45501490641	344
1528	323.1530875450455	158.95202646199076	734
1529	324.42330077983587	155.90927266944126	741
1530	-60.10645962538242	10019.105045521974	187
1531	322.2842445778581	165.8939724207226	687
1532	6.149284257084446	10045.461834564456	307
1533	323.8426127136035	158.25830433534063	725
1534	-57.5938903198442	10013.37242169626	207
1535	108.83749375429002	10103.574496620282	515
1536	-31.60597156112317	10026.8096562896	220
1537	70.89902147552547	10077.586056051436	432
1538	203.18188035268435	10143.393682124975	861
1539	176.24585551857575	10115.757897889855	750
1540	317.5947380355497	152.19658355204268	754
1541	321.66042051873507	145.90186855776145	798
1542	52.00627445527326	10065.951453064861	413
1543	201.72989566589257	10145.980187072098	726
1544	324.4003661166205	153.99917951904936	751
1545	-17.43524429996978	10039.152092789127	259
1546	325.62317053236745	157.582520660552	747
1547	98.54177267101014	10091.523718920058	516
1548	11.982792090522878	10054.621625548634	279
1549	5.312418215913112	10048.311763094998	327
1550	26.600149075240594	10057.973105641224	332
1551	52.24039220712149	10071.170915543998	397
1552	157.81373784375302	10125.933109389845	602
1553	-70.2202046207195	10009.435714851807	151
1554	325.2135683931798	160.1822765201893	728
1555	122.42733544736663	10104.582257034153	559
1556	122.65492967615725	10111.015813043987	516
1557	324.75303839091947	159.81343047804862	741
1558	125.05331323569774	10108.249387401196	547
1559	325.0666602351991	160.2379370685713	727
1560	325.25422709812113	159.2746616177669	743
1561	-74.73563072969576	10007.630070735855	161
1562	-54.5484047158876	10017.687683412902	167
1563	72.72395873459965	10078.370796568372	458
1564	323.6079016355226	154.42331407782018	781
1565	-6.405504897986262	10040.594131852684	264
1566	-62.59536712297837	10015.251959656238	138
1567	-35.30436941665583	58.66808522330756	2000
1568	-38.70416800040605	10024.517826819543	211
1569	175.44969061751937	10130.552648474333	652
1570	157.39387536276968	10122.770567905705	628
1571	318.3574429783175	142.4199393088753	866
1572	318.140903026025	141.10462763458176	845
1573	-4.423464615502823	10047.176649130546	240
1574	60.07115419320431	10072.962949878714	404
1575	50.787454235420256	10075.446876493468	446
1576	-29.075973351147013	10027.980388430991	251
1577	318.9321738170438	139.42039586467322	829
1578	0.6815231490820679	10047.918616510817	262
1579	327.7497446838599	166.07559332234385	716
1580	319.3400197668522	154.52511781121254	766
1581	-77.72025485726456	10011.424173865364	253
1582	321.49514389963656	153.60998050940225	739
1583	70.67966443341518	10083.117863438376	452
1584	324.30084123219194	157.71962132564266	742
1585	-32.45876151638882	10027.565352299316	222
1586	17.750578683890154	10051.580907867154	321
1587	54.05772676351714	10074.362956999224	375
1588	134.79027573813184	10100.592925317902	629
1589	-4.196441328349351	10041.07146175814	269
1590	-36.986033195181726	10027.639344862357	221
1591	134.6849836330889	10118.251584664826	531
1592	325.6487199348478	162.23989993076682	731
1593	51.63974706206068	10076.824116032358	354
1594	327.13842867714806	162.9840992222741	725
1595	55.65028978764275	10072.066079476805	395
1596	4.701475848119472	10041.519309820256	313
1597	107.9899045465306	10089.398980527858	562
1598	154.42975064266176	10123.31982077498	595
1599	155.8368340372698	10130.317701072832	576
1600	148.25518944773248	10127.22903113695	539
1601	327.6296676820522	169.15907519303062	696
1602	327.1572137093872	164.00497312155255	719
1603	324.5829537621225	162.33337325130523	717
1604	134.8148317336698	10116.159617434914	572
1605	190.96114353925742	10145.94129446503	678
1606	172.0780858366939	10142.68395286459	576
1607	-70.16637642541698	10009.430498367461	151
1608	308.39596452677307	160.82278375138455	999
1609	-43.474884205370024	10025.093527027211	175
1610	-58.08233027340068	10017.12456460451	167
1611	20.70196157811334	10054.963583283043	323
1612	159.45043340233212	10125.238307750973	596
1613	322.7463200999692	154.21696166016318	755
1614	49.976499144619595	10071.735896439404	414
1615	324.9286039226428	162.63177759178416	710
1616	221.22968400288158	10150.821666652262	766
1617	-15.638984552821654	10034.831340552924	258
1618	21.986361586484392	10049.125372091914	410
1619	43.301629594561916	10062.974910686362	389
1620	78.79433663645705	10080.614449624254	459
1621	82.41582199651205	10088.160589072855	499
1622	-28.525980619379183	10031.16129959215	213
1623	322.4667008936785	155.14069082977107	757
1624	140.4800477680743	10107.671199556167	682
1625	326.4558665421303	164.89722622870732	702
1626	-35.23636329072046	10024.332067794485	232
1627	323.64545185866297	159.6576271469331	720
1628	21.42946847086408	10057.539474480005	306
1629	46.727003250675125	10067.006375162458	397
1630	318.72645347067106	143.45588605628387	842
1631	-5.23239723155244	10037.413630491093	303
1632	89.26498062523663	10080.004804248965	582
1633	73.11038479937955	10079.81626158351	437
1634	-4.914342193078696	10043.924230642135	252
1635	33.948864860296425	10062.253026935157	408
1636	-5.2858718280581485	10037.409634690679	324
1637	-11.037247318339226	10041.239417382074	239
1638	-59.06583697098036	10016.58948681165	147
1639	323.9441405889386	155.72440997820468	739
1640	324.1513301758173	155.33029916956013	744
1641	50.99637314587744	10074.410976930327	376
1642	324.05157560343207	159.57509279828753	741
1643	71.33915324587937	10078.48122327747	429
1644	33.40723451316401	10057.642652872204	376
1645	172.44819789039116	10131.500729078525	643
1646	326.23022954248876	159.98759756174096	725
1647	164.21557344570584	10122.611525738037	649
1648	80.75634492369159	10082.251838787779	471
1649	39.88504846309439	69.47603124386656	2000
1650	323.33190413779124	159.8751350584086	737
1651	119.94740377470228	10102.465853033147	558
1652	324.33217195366626	153.40723657139077	760
1653	323.4197914201182	156.64752538671542	755
1654	-7.435090160884428	10037.978961286164	331
1655	324.3606224113627	159.04043872072515	732
1656	-55.418402718827885	10016.913004898226	182
1657	328.3395223072497	173.5349676231531	688
1658	30.492578739210074	10060.22894175561	336
1659	-64.89073051009683	10012.048080423614	147
1660	-48.07412649110165	10021.105426166096	177
1661	22.4489166176419	10059.266515044605	340
1662	34.073834998436524	10061.741176703401	354
1663	102.73952293519503	10100.952342275856	471
1664	-25.71008969432887	10034.80262884809	210
1665	32.06368664093728	10064.216110800144	323
1666	46.028588446225314	10067.631369816463	366
1667	78.49828059129044	10078.46713353333	491
1668	-56.157665356496324	10015.663798120251	189
1669	-65.26850074197367	10013.549066246207	138
1670	320.48831585914155	149.5034581873028	788
1671	-37.82434865438468	10024.57294069045	210
1672	-61.36739148387328	10013.16578915007	162
1673	-46.56551842208021	10023.485320322216	165
1674	55.17611446045336	10070.974391811691	404
1675	38.16188022793773	10067.27431611477	333
1676	326.73324164509	169.74010521111038	696
1677	-50.856563430756246	10020.00993376581	172
1678	-44.84795857493775	10023.3944473058	211
1679	-33.853491762235606	10028.478793653407	225
1680	-17.990333511454168	10034.779709865545	248
1681	319.87437942506125	150.48949888036398	742
1682	24.291356689357528	10060.304142847062	310
1683	326.72295535586716	171.65107798381268	676
1684	-58.62476950367991	10017.243920935372	157
1685	328.65011782362166	173.07189733774769	680
1686	82.29655448181487	10089.214885143183	443
1687	-9.037876843216083	10041.637020330216	256
1688	47.892915972792224	10069.92378915049	378
1689	322.73039561819684	155.93258643313945	732
1690	-72.22947114269738	10008.646360214949	136
1691	321.29841565783335	151.01601404795258	762
1692	44.53179273561534	10070.327145545949	356
1693	323.96134768275755	164.05491787637382	709
1694	322.0710670154281	151.470115448098	767
1695	186.70846993609013	10149.497082790158	638
1696	159.4581931158712	10124.155017800766	649
1697	323.7932230300609	168.47246734246963	708
1698	327.0488317789483	164.98910703112273	705
1699	325.44482227120886	157.32192776841794	749
1700	325.00472510451516	162.26582012966918	708
1701	319.8780678475109	143.6439646226898	813
1702	120.6076043450696	10100.592334709529	544
1703	326.0829273166987	161.20670219885218	729
1704	78.3021134304735	10087.747948986005	434
1705	122.65975647852139	10105.216675508791	543
1706	131.58998037706237	10114.26606547391	551
1707	124.82208965323639	10100.198757998203	596
1708	10.913729128402139	10046.819162664104	545
1709	82.17602253914788	10091.98546543185	485
1710	-66.6738616542186	10010.269245372867	156
1711	321.7979824386496	144.27020994176786	800
1712	-34.63603401731463	10026.204755367256	212
1713	171.3279429980945	10131.405350919684	638
1714	327.98027058994563	166.17106729140264	704
1715	-41.38816422664697	10023.888934400402	220
1716	316.6367216492339	151.49146627596056	893
1717	108.52263350832197	10097.382801310005	531
1718	114.75513895287546	10104.03073292649	594
1719	158.06447471261288	10128.581157730785	587
1720	-11.953488697253675	10036.247217423017	287
1721	53.33382682846769	10075.231869037481	360
1722	-54.52611811869508	10024.646812958415	197
1723	-56.42923732710409	10015.368844457518	191
1724	143.60912982210758	10118.374163747529	591
1725	-21.824095680157697	10033.480985620965	274
1726	78.48314154638788	10087.957579669299	426
1727	120.26768605067608	10114.034719966314	484
1728	328.29785832683774	172.36736690758963	691
1729	-35.45486779710954	10027.076980147935	206
1730	-36.797465578644676	10028.06939337936	258
1731	-58.79830430830248	10017.092943078667	152
1732	-53.65914566958048	10016.773128980232	172
1733	-30.793335599879924	10029.144046527832	217
1734	68.26597980780531	10083.609401796028	405
1735	132.86674799156094	10114.640828130874	557
1736	141.94934916186395	10112.541222941096	726
1737	-76.02973016085545	10007.26803519515	137
1738	39.75960707940533	10074.80186724459	328
1739	72.14785825350071	10074.730359728732	532
1740	115.44319815453363	10107.822337598589	510
1741	-66.03969752922883	10012.588424593298	145
1742	-38.727554386939055	10022.855613671825	238
1743	123.53558738393161	10115.899009786343	489
1744	187.966852398948	10140.732149193984	659
1745	65.77530102181672	10085.836717506183	397
1746	-75.48321289956831	10007.295567843352	145
1747	145.410709655603	10123.311458162665	550
1748	143.8371289146001	10119.914761511911	582
1749	-3.266856335026887	10048.447922487412	243
1750	132.88028521211695	10120.696715853253	539
1751	138.4432645759596	10120.624424494925	531
1752	108.52191157768155	10096.58214614518	533
1753	328.78685034944715	171.025909406431	688
1754	-30.5730001523673	10027.142276904431	250
1755	-4.742191318925336	10042.159482823801	280
1756	161.3089362391749	10132.25748648469	578
1757	-62.37624607717769	10014.642178879316	159
1758	174.11352013941695	10131.679040617102	729
1759	23.087507129029973	10063.163413438098	346
1760	73.65914025953569	10087.171937240482	403
1761	-1.1515953081482877	10043.389617407202	283
1762	319.9065226441457	143.58317460030173	808
1763	122.00595737891038	10106.55082941267	534
1764	322.4167084041188	163.82513246240487	776
1765	70.7517785283739	10083.265992935716	412
1766	-57.4131104992596	10020.777535898553	241
1767	-75.08971673470279	10014.087087951013	189
1768	-11.019039067997952	10042.718604922082	257
1769	-10.083170598677228	10039.564599762232	272
1770	-67.5328295498841	10012.200811924427	144
1771	-65.5457723286384	10011.693328923457	152
1772	-4.782257148747647	10040.298849672898	275
1773	321.2565810069934	151.10851144052268	766
1774	-52.57826933475407	10019.692864008523	167
1775	28.040156226984294	10056.277373910898	356
1776	35.80740820112632	10059.789664853539	371
1777	126.46676219759294	10112.020541137537	542
1778	-26.64840088343098	10032.215337344585	213
1779	-71.73169014067014	10008.990749559016	144
1780	-6.7236410317669595	10043.8314910602	244
1781	328.85713610540023	173.34357325658596	678
1782	38.715271658720184	10069.553206887791	335
1783	-31.974430750530857	10028.391970483563	218
1784	135.71415622686467	10121.320359459192	534
1785	326.0008960715353	169.69884577021952	696
1786	-60.72907405496838	10016.458186453818	141
1787	30.455579869868643	10063.447670621921	319
1788	-16.77264051134857	10036.402844058417	267
1789	70.35525423916948	10085.63604865419	390
1790	-81.27684638766029	10006.160260614079	154
1791	49.36684645052813	10071.198281602707	370
1792	121.47563006506559	10112.584103271207	490
1793	6.527229068177647	10049.03750997216	286
1794	323.60687265560813	166.8225678241524	748
1795	-49.69216362056486	10020.267638316222	181
1796	-31.810451457575354	10029.03137085187	218
1797	38.623590382095756	10065.629645109671	346
1798	322.7206884767453	158.98099473226503	735
1799	77.61106164132511	10087.689109693656	423
1800	-8.834912726716695	10041.69407914268	271
1801	30.965324583176198	10063.0414940915	325
1802	-32.530750115118835	10028.504252858906	231
1803	104.45014216990293	10105.713896129957	448
1804	181.1079216830064	10137.42625101028	647
1805	-44.15547424470532	10022.259382773915	207
1806	-9.199401910434759	10039.043673237587	262
1807	213.0086409070667	10160.123008622122	680
1808	14.148880371915808	10046.440799740161	363
1809	-11.585236253894792	10039.472397628642	244
1810	152.67082870696782	10127.449098850515	631
1811	70.81380382505338	10076.954492293136	478
1812	-47.30534999396822	10022.144436187802	181
1813	108.77618687625883	10111.06436982473	445
1814	121.07629388173228	10099.478678068414	576
1815	179.71133638355985	10136.24228090765	644
1816	326.42550971533115	167.1635042377017	709
1817	-50.31624473468093	10018.700223179632	180
1818	-21.74538686390956	10036.2712293615	221
1819	-3.3243622993511224	10041.929744426201	301
1820	-57.72290763509418	10016.146296717616	200
1821	104.32499378146454	10106.241725448446	452
1822	38.944260620863986	10070.47495477338	329
1823	122.17631016870834	10115.886554172906	487
1824	59.09442339780088	10078.357788460511	409
1825	-20.20183840019655	10034.63767296548	259
1826	-45.28258039500899	10019.915440590381	226
1827	-38.08078734062086	10025.116452077606	225
1828	-54.88760032007412	10017.916615406726	164
1829	-80.09336534782942	10006.359186042664	137
1830	-8.118110197070223	10040.595555523343	259
1831	94.0630445597308	10099.263903777994	446
1832	-34.811096296558404	10026.929223114535	228
1833	12.099324917686133	10049.524522910458	308
1834	326.36733197746344	168.75769394711895	694
1835	31.112443948821237	10064.37022495085	331
1836	-76.08964254118567	10007.586194715808	120
1837	5.175222049861489	10051.078265294023	278
1838	86.49076415520378	10090.077125966262	474
1839	94.20005592109823	10093.582131759458	475
1840	141.64259891754722	10116.87397159752	606
1841	325.9138897614087	169.49306610912373	706
1842	-36.1036342682781	10025.181617162314	238
1843	1.5111634764749908	10047.158483943498	291
1844	13.495301059927286	10053.701375502837	301
1845	-41.4937728787058	10021.892869104882	243
1846	-39.71041657918764	10023.708456586468	212
1847	-51.776091225425226	10018.742759770048	194
1848	109.27160587359216	10107.648004267827	479
1849	-58.21543785449652	10017.337660400277	166
1850	-25.47457195587944	10030.436620101387	232
1851	39.00926637580332	10066.559497251526	348
1852	40.70602212432641	10063.144964575209	396
1853	327.04276401363063	178.37415587969792	679
1854	110.3157608708182	10104.358411111756	507
1855	9.127964042580473	10058.340578650215	413
1856	201.9624570837458	10150.780509065005	708
1857	84.69380269843708	10096.044418877078	425
1858	80.49381249076836	10089.099847256619	430
1859	84.66256587976889	10092.080249619969	438
1860	84.95718533346033	10091.349135150898	437
1861	54.47478201542867	10072.815673636656	381
1862	75.30479773856399	10089.253223690157	413
1863	66.13840555001931	10086.712616693541	370
1864	53.65204341969891	10078.627635806404	352
1865	14.651950715845345	10053.440179743264	324
1866	48.766949196403345	10076.798996331163	336
1867	-41.84908581446335	10023.554417243435	187
1868	101.36556785593311	10098.404176659145	479
1869	9.654280782155467	10055.225149125132	270
1870	91.91186441200634	10090.413697478387	462
1871	123.00859889631204	10110.95841668156	505
1872	329.48726591906217	176.37363182906705	675
1873	-15.688572433987616	10038.359760108233	235
1874	-72.71732295464119	10009.240111010984	171
1875	327.5036572927609	171.2029082020546	686
1876	-17.991114845963452	10035.034654354224	240
1877	-46.79055907437483	10022.244529877426	175
1878	157.1166804734271	10126.690094739419	585
1879	-30.974965873545685	10032.050219561615	226
1880	-34.807231308932046	10029.30533965635	236
1881	168.89312727961817	10147.204145277889	552
1882	327.4926732406695	172.23643770427296	694
1883	-25.985186703524917	10029.53148023562	236
1884	128.82526223880512	10119.502090822922	507
1885	36.73577226801865	10062.649197848905	365
1886	39.7370961019941	10068.421916288702	348
1887	-6.881592937615039	10043.084817998095	252
1888	28.23578937915036	10062.208907160073	332
1889	-69.15149327200358	10011.263734354558	131
1890	-62.217971131941844	10013.326905808526	149
1891	54.70536686507987	10075.414182225164	368
1892	-36.07757835427564	10029.816227968591	226
1893	64.3093350334336	10085.897676355235	370
1894	88.80408655927187	10088.451091495628	472
1895	-63.4293430202563	10012.45644539586	179
1896	-52.289045049229884	10020.740570206955	165
1897	208.05655799175247	10163.279790765939	650
1898	-54.97850741525947	10018.03674637501	158
1899	-24.466339135056415	10033.898265527208	234
1900	18.222325796214392	10054.507788872479	309
1901	-22.210570223326016	10030.562920611734	253
1902	-23.899716272458065	10036.628804271035	234
1903	-78.60782329301668	10007.554986713052	108
1904	68.39398016584926	10084.398028009567	393
1905	-19.785652823088583	10038.244560194902	218
1906	-52.168576262694714	10017.94358295192	168
1907	321.56290656873307	168.63553469848813	682
1908	40.76421083059117	10064.060262833213	377
1909	91.34157515309184	10095.612741869982	471
1910	38.345058992676655	10078.183652180333	347
1911	52.3920512580886	10074.87342545937	366
1912	152.48693713592453	10125.612024267106	574
1913	43.22689837904193	10072.396761593012	337
1914	-40.66258935483002	10027.973228866775	256
1915	-10.263943954238599	10038.038697240509	264
1916	-45.16191103436556	10026.280318822173	209
1917	-67.09689985373606	10011.276831659887	207
1918	-29.196249921237822	10030.397393821548	230
1919	179.32722470377246	10147.230835139542	589
1920	134.02186216360016	10112.666317238594	603
1921	-14.70436582147795	10036.497781193988	251
1922	69.24799547865783	10085.376092504166	401
1923	49.69216439882922	10071.429775070943	382
1924	118.1300213749779	10118.278869038075	461
1925	-4.368374999084594	10047.130835605754	246
1926	-8.296081147193618	10043.898154070075	245
1927	-64.4968204947379	10011.238481624527	170
1928	-33.253497343266275	10028.600602096178	205
1929	-45.32604973852017	10019.849857438448	215
1930	-40.52613167593761	10023.040642017997	211
1931	10.893447620279218	10051.84132655913	291
1932	15.414624590090398	10049.131778178384	322
1933	91.7000188443651	10096.207761675743	443
1934	-32.91329000146128	10031.073052313102	191
1935	78.59604787591911	10093.698820588344	442
1936	9.661127377368459	10046.112040593745	328
1937	-53.99415667418501	10020.393082285764	185
1938	-19.773088818254806	10032.39688231091	273
1939	154.53226012257684	10130.832737478251	572
1940	-2.846729015381186	10037.869571215473	299
1941	-2.34777217553318	10049.174552785822	242
1942	31.859972804746633	10064.658534655706	321
1943	-35.92577641206948	10024.135846423205	229
1944	-38.112427726088036	10024.992470907206	206
1945	324.6367134373827	153.97675002360612	757
1946	-73.52963209014288	10008.532446826883	167
1947	-35.36354501340132	10028.655698761466	197
1948	153.77383395783895	10134.49763544758	559
1949	134.84925100597965	10115.870158155833	559
1950	147.9645446306403	10127.485515218339	618
1951	-60.56918799332887	10015.776775300608	143
1952	29.800946223939093	10061.268895934214	331
1953	-11.720208062191787	10040.879030380882	243
1954	-0.3112369875021699	10046.489438864226	296
1955	74.49825326226323	10085.647487589245	414
1956	-10.797073874070918	10042.187738186016	235
1957	-19.697087936301642	10036.205315804413	227
1958	327.03664502054056	170.86159200051878	686
1959	60.71913056229076	10073.186335009948	430
1960	-0.9887889872212128	10043.480613502594	290
1961	199.0575755591213	10154.51704453995	667
1962	30.147429105069108	10064.072529081946	322
1963	-3.0564333963758514	10043.275080797119	272
1964	-9.340613709397772	10043.312531760816	239
1965	99.58565789018499	10087.480991515411	555
1966	45.41791390559382	10074.009828045364	341
1967	103.49537881185381	10095.062223148841	562
1968	-28.233108625961336	10031.206577981508	213
1969	53.21876311083611	10077.198044586323	373
1970	-67.74809724730812	10012.070042595104	140
1971	147.04924961438374	10113.776724582593	637
1972	34.36395134968086	10060.892433879584	356
1973	-56.9976338380426	10014.411161070235	184
1974	-29.342030114710695	10036.272045637977	264
1975	102.9147378016907	10103.977876464249	453
1976	200.90660708267757	10154.214506932582	690
1977	69.67896474381834	10085.660302869137	400
1978	88.10397800929795	10099.211463142463	416
1979	123.99166184596783	10114.678442376582	501
1980	-3.7628926422061113	10042.054197017207	378
1981	-62.38609434081631	10016.134163990817	147
1982	191.73001559397937	10154.058401494603	621
1983	44.32927347435995	10067.683896005023	397
1984	21.711198821562576	10057.26989610405	322
1985	106.45438887760895	10106.094599871436	478
1986	1.1326286522990756	10045.695993624882	283
1987	-6.088396472004661	10040.449030285023	271
1988	327.7476407590823	177.64296194808392	665
1989	-44.82107996627571	10026.900127895597	205
1990	73.33859685618341	10079.258732842967	475
1991	4.27663901599206	10048.482383764627	285
1992	-3.590123269296697	10045.93430568309	250
1993	170.52421505280472	10130.025942743874	643
1994	-40.623413985660505	10024.96935464775	187
1995	-37.63617622701487	10023.004355280551	229
1996	27.25812048936065	10062.277752791451	326
1997	-46.26642756219472	10021.604944892812	181
1998	-15.63416740199311	10036.815943318714	248
1999	56.90433631507801	10078.893996621438	364
2000	197.15675303570333	10152.494411475936	646
2001	-13.483732911180823	10039.339339775443	242
2002	191.92981859535308	10138.70478369209	731
2003	87.82503191271681	10086.588911972856	502
2004	12.110055984646905	10052.078099321327	293
2005	76.18911720550341	10078.664230508883	470
2006	-41.75995788128138	10024.80827392128	183
2007	74.17239492135317	10081.280115677291	460
2008	86.38621620833783	10100.18451997611	402
2009	-28.31064599615921	10027.884762239226	234
2010	14.069516810620698	10059.387086610055	268
2011	99.58239450286888	10093.253842976932	494
2012	118.18828130992043	10102.427105321927	556
2013	169.02644206250494	10124.13787835832	681
2014	47.568285184169156	10074.359622735923	346
2015	12.601242279643387	10053.196298339753	312
2016	53.77344332319905	10072.21817675816	397
2017	-7.199089562800182	10046.022512507734	236
2018	56.432282800596255	10077.57571799607	398
2019	85.04269908715827	10097.033399730612	408
2020	-90.34565102421104	10005.318698072359	140
2021	191.95057244832668	10153.666057080989	629
2022	-64.76901537132346	10013.023511425285	174
2023	-71.62309954665143	10009.851541706857	132
2024	88.4718996219361	10091.353583828633	453
2025	25.568113048129007	10063.114232559477	309
2026	-20.295089243698953	10031.36587873958	254
2027	-38.50124599267628	10025.102050756126	204
2028	126.32400356907783	10111.520342306103	548
2029	-14.198518732869545	10035.342399453395	263
2030	-76.52384466340901	10006.301084197932	135
2031	36.21734411711395	10068.995104138545	330
2032	-16.934390107699016	10036.137205368103	243
2033	8.098158187811109	10054.698360897302	261
2034	-8.171274187117177	10043.710549059042	240
2035	4.567671072251457	10047.801899283088	289
2036	77.59596109739311	10093.134074508645	390
2037	81.55831152425279	10088.599621508258	434
2038	-13.938666347673433	10038.600356205543	243
2039	-63.750689635011824	10013.414902904073	148
2040	115.79373942903845	10097.392924124808	548
2041	101.0455719438232	10100.498273740173	472
2042	-59.78074946856481	10014.733065901808	174
2043	-60.37295281206273	10012.728630867638	187
2044	-69.0652856404831	10010.25955290342	137
2045	-46.51718408154077	10020.300871568763	191
2046	-16.955477879754298	10038.033931501512	227
2047	160.1975818011029	10122.836556931044	634
2048	16.670046294116034	10054.179628251566	300
2049	-64.2120535110488	10013.494382585619	164
2050	-33.510375327676854	10029.303008875528	203
2051	118.94538342098903	10106.006340276104	581
2052	73.55601295040427	10091.497848765068	384
2053	-3.846098319316596	10047.011125697165	247
2054	113.7886821736133	10109.438131814724	473
2055	150.10727011220823	10118.504181520511	624
2056	-66.63339415200282	10012.508858221536	135
2057	-24.73643930945056	10034.775221121987	213
2058	94.58671419130562	10086.43990563622	524
2059	71.21625509773526	10086.896921691608	401
2060	-65.47932519606456	10013.400249255157	136
2061	198.364221553533	10148.636578660009	683
2062	41.23979207649529	10071.246198602348	336
2063	-49.59706451630429	10018.43133592305	190
2064	204.67734923754438	10170.577990851001	620
2065	-30.139059200728013	10030.791354600391	202
2066	326.50359580979534	168.90899932337712	692
2067	-25.954000929702914	10031.97338118306	226
2068	-69.81636132329521	10009.937691750816	147
2069	2.193475418718222	10047.740165937335	270
2070	99.1261367218105	10102.017104019355	445
2071	82.9074217217919	10100.490475342987	390
2072	114.6468515229326	10102.012424434493	554
2073	138.5394594059065	10121.44034092024	529
2074	-11.640596207067674	10037.38676602553	261
2075	-9.972495944276261	10042.859075274415	241
2076	321.877411541134	162.1555269720851	707
2077	58.077777868401995	10080.42701795223	361
2078	30.933369410070952	10063.867650680866	317
2079	37.90522355971481	10068.076444644257	333
2080	37.92757579884611	10064.949748867102	355
2081	-61.34370801001973	10014.507555853452	162
2082	51.56376437031844	10070.088225907659	468
2083	28.138139339085967	10060.101128779652	325
2084	31.729408864398522	10062.9205842098	333
2085	15.882853315220075	10051.468797964586	336
2086	-35.96701969422155	10026.412903689108	208
2087	-45.50089577323668	10022.675066883088	182
2088	83.12791775382337	10084.401421558001	470
2089	30.85070187292746	10059.76371322524	336
2090	-38.91889004113741	10024.632090895197	208
2091	147.46398987671057	10126.395541421994	568
2092	8.928843432880214	10045.807790010182	322
2093	53.33715366560915	10075.426549247652	363
2094	327.80946782401685	166.5533366090652	712
2095	-75.77659260328775	10007.87506886253	118
2096	-13.456348557183858	10037.972343545143	278
2097	161.97456662160624	10140.542254222315	560
2098	32.7765675050868	10064.009195358329	346
2099	24.05244111393408	10058.690974370651	316
2100	-2.4704237239596836	10044.5997944477	278
2101	-5.342240361267059	10041.946542882088	260
2102	-53.07511477953893	10014.261554680112	220
2103	324.7036669243332	160.71406917018592	750
2104	-43.96211572169773	10023.806523956486	182
2105	-42.04899286020241	10023.975120219455	211
2106	-35.01843681230332	10027.027393676219	201
2107	-68.69966538209816	10010.82807813872	153
2108	-24.51940633760404	10029.366441211816	251
2109	-3.3732137891524303	10044.931310996084	256
2110	-66.90016118194754	10012.77313606324	135
2111	-11.7772110045821	10039.314305671729	257
2112	148.01800284655744	10123.629695593638	566
2113	-69.07725044390327	10010.60422380016	140
2114	31.58679248349884	10064.791007698766	327
2115	172.5361692302945	10148.003295656756	563
2116	182.48079884648797	10145.49735230815	638
2117	133.67915544824157	10113.851356742045	535
2118	84.97567705314219	10083.14128791172	475
2119	80.49359317861243	10092.40078027827	411
2120	-3.720565463277026	10041.28929500751	288
2121	-26.114098571302762	10032.28088528448	220
2122	321.561339969836	151.09062664542537	781
2123	25.24880044637682	10060.447444343823	316
2124	-48.21976052176388	10022.048667586012	174
2125	65.98983346736296	10076.065858151725	442
2126	142.29388800622596	10115.798344136676	576
2127	-4.567033686575783	10040.896812628562	277
2128	-27.869787308293695	10032.136271168565	211
2129	28.008631682555546	10062.110066150504	314
2130	328.3021590997868	173.10930464470087	686
2131	44.84742741448477	10074.927741817346	339
2132	323.10884177425675	165.582059253078	714
2133	-33.92427542140443	10029.355892993713	196
2134	215.03847487107635	10162.813589851068	677
2135	86.36342571608486	10095.101806089118	421
2136	-49.489812316941325	10021.89750888104	169
2137	-73.85950291601878	10008.982268095326	125
2138	114.69279977016305	10113.21002179665	477
2139	3.1259747018869035	10046.668923043924	278
2140	325.20815695299024	163.33034832961224	727
2141	-70.74008910002466	10008.76384147511	157
2142	-68.35115838096965	10011.772683477657	135
2143	66.87053246112228	10074.130275710042	464
2144	-1.9996673880030187	10047.542069181387	268
2145	105.52015790853795	10100.726557680016	490
2146	193.95752071815633	10151.780671201397	627
2147	-13.646263837730785	10039.677436376549	239
2148	-17.00563978312961	10038.793972331614	230
2149	23.52143445716024	10064.190441539477	292
2150	-12.242774882361317	10041.404898681269	236
2151	9.951959763925913	10053.503277380214	279
2152	-9.825808016338527	10044.836265432861	237
2153	-41.067564384320924	10023.27604934779	211
2154	18.305013234858933	10054.224040047944	335
2155	327.3739254598569	167.26818280078888	700
2156	81.09908946758287	10093.053252624533	425
2157	-30.73530602645019	10033.615755580762	191
2158	16.504865987146957	10057.431429940796	311
2159	106.73516320492826	10112.230827885953	435
2160	35.50647508188791	10059.184980822529	379
2161	324.92779099598243	173.14966691145176	670
2162	62.469338343954604	10078.247551024113	411
2163	-7.333219280177929	10044.612145109846	272
2164	-68.01312758907062	10011.055690543648	143
2165	318.0428125403074	139.9035578758063	855
2166	327.1298685655022	168.14060255483756	700
2167	-79.1598969508749	10005.72577470921	132
2168	99.09633346271897	10095.96344199516	468
2169	321.5370508357474	151.82881590978042	809
2170	57.48817893405311	10077.21213593072	383
2171	129.24298010063072	10101.971456438887	597
2172	46.63441725828906	10062.438713605834	410
2173	-27.4426364222701	10032.047251649241	218
2174	-39.42051633176981	10024.148633154038	214
2175	-19.30580453377671	10035.345064323797	237
2176	326.78302651274214	165.1129047913439	708
2177	-5.678861859883867	10044.82365035443	247
2178	20.99094648574325	10055.512229367072	327
2179	-51.89070176097851	10019.529830251437	170
2180	-2.92253855810371	10042.915152514077	284
2181	163.72150172033582	10139.066856177167	568
2182	82.23787559815472	10090.795924402755	430
2183	-28.207645183242178	10031.850425793511	221
2184	326.10682408193594	171.50966269624223	679
2185	-54.32457536532196	10027.356999925258	304
2186	325.93362866288237	164.67223430920566	707
2187	26.69328559166965	10059.066610751408	339
2188	-19.66236489609136	10033.033053380985	247
2189	34.209973812649196	10060.461298692573	362
2190	119.7932996796323	10109.359914659106	506
2191	48.81102183426856	10067.75019225821	412
2192	88.31018295681747	10099.513747786636	413
2193	326.12422394172324	165.13656702799025	702
2194	24.74314480225526	10058.703432886112	330
2195	99.5703802631242	10089.497596741232	540
2196	74.12642887366493	10084.775396983563	421
2197	182.36789459521117	10144.503210180479	616
2198	160.02480871418828	10138.821580684931	545
2199	172.98688559669336	10149.556108151106	556
2200	325.9470521830392	164.91669583501672	711
2201	-35.99046552715744	10026.958670164762	212
2202	-37.394164252521215	10026.128392050357	196
2203	64.57386282760234	10080.353904917318	405
2204	325.61371527455924	162.46152331242672	733
2205	83.25530867509298	10095.372374698849	410
2206	-17.815084409292396	10035.879921570897	240
2207	71.8188680596098	10086.971680798952	397
2208	-17.3717801964293	10033.942687213957	252
2209	29.687006819204413	10066.763418146393	302
2210	-35.790477461858615	10024.237613488645	232
2211	42.083735972912166	10069.737747379564	342
2212	22.712201182310253	10059.473733546138	309
2213	-2.23005640593243	10044.96717360295	286
2214	-31.962919433473516	10027.573109725294	222
2215	-64.12667630524479	10013.887336798469	149
2216	-33.39673469219319	10029.469328772182	195
2217	329.14103887174986	174.94375408353923	673
2218	-5.188912211919032	10043.92124778642	252
2219	-82.23007886964285	10043.597249580604	439
2220	55.74795596249916	10076.69257785321	381
2221	11.085516823225078	10053.636842646192	291
2222	48.66421174941658	10074.23353493755	358
2223	324.9078067239879	158.0628981476798	740
2224	204.4806590075534	10147.956184314206	710
2225	-2.9810842534577233	10045.462472201589	281
2226	-9.97830092959235	10042.549284636547	239
2227	141.82479208207027	10117.437855733246	561
2228	319.79547929217375	141.00565750311674	825
2229	185.7893172267477	10152.61010455091	589
2230	326.847308901045	171.497889871056	689
2231	328.5523632774346	178.11204771215188	663
2232	81.7590753013427	10094.242016837325	408
2233	-81.37313855128298	10008.746836198168	286
2234	-40.29708122640059	10021.220011170524	261
2235	169.74002405092398	10112.99444485899	727
2236	323.630849070753	154.7333050605763	755
2237	7.338890793779726	10048.919476561801	295
2238	-43.3406716575823	10022.625735088941	195
2239	69.74905619944721	10077.589747136219	427
2240	158.22413008660584	10112.279472993128	837
2241	14.027709393145159	10050.598668251556	334
2242	328.66755107439155	176.27513662020453	667
2243	50.96835890892038	10071.260797034936	391
2244	68.4212501488118	10064.838282748206	536
2245	327.18914249910915	168.58116978764187	698
2246	324.1165670738454	162.43454813898836	718
2247	317.6211978880183	153.0407202570879	745
2248	70.18786930585796	10081.515334053041	416
2249	322.24284871654567	147.49769460512854	789
2250	-12.31895494567732	10040.164185643915	239
2251	324.214556288568	158.85914192373397	721
2252	324.1423758761012	155.76979286730898	748
2253	11.876433127667354	10051.690616314081	295
2254	-34.91910389964126	10027.712363155562	203
2255	5.8054925045887416	10046.729629090449	297
2256	219.09781227399623	10153.948626343286	743
2257	52.324883266166495	10072.791774396304	372
2258	-62.60266507643258	10013.541843255538	166
2259	-16.614908586088475	10036.782498652534	235
2260	-79.70810961706903	10005.760154094214	136
2261	102.63710147534434	10102.990110452378	460
2262	85.11727834250499	10083.774074617686	483
2263	199.65592425242608	10155.012159247377	639
2264	195.9338341534613	10142.594904291707	699
2265	79.05335610084131	10085.473975884448	442
2266	31.23943861558442	10062.68496749687	333
2267	93.80292410742891	10100.239134916817	450
2268	-76.71647426236933	10007.52152508965	136
2269	326.7488830361178	165.09080113264523	703
2270	158.23809437294352	10130.288768705685	579
2271	105.11296999279989	10096.903330237321	495
2272	141.8411985753353	10109.05065872985	618
2273	67.82921067628968	10081.624504451007	539
2274	-59.56464238071242	10014.076148091386	248
2275	82.77183078840275	10082.820857940085	588
2276	-59.15780469507475	10014.962581638269	162
2277	323.59295016136576	153.92714478690692	750
2278	320.33980329125325	143.11089453986995	834
2279	326.7043927339254	167.46114276578854	707
2280	10.102401249219668	10050.120997930078	396
2281	121.36680790466039	10104.278863361824	541
2282	114.12706459878694	10099.05548301757	547
2283	324.8150269977569	155.01879140729778	743
2284	324.14278502276443	154.9822935986027	769
2285	325.23603741318306	157.28182937448977	751
2286	92.29766936539625	10086.784196891578	494
2287	325.940806134722	162.85122042959873	720
2288	58.86940404021999	10073.057124475687	411
2289	322.95672102121137	150.9745662923732	773
2290	56.512260910884805	10073.185442645039	395
2291	169.25398811648654	10129.974282339866	617
2292	31.426815092866576	10063.599332034055	329
2293	17.87703922373896	10057.961332624247	306
2294	-9.387978051167025	10038.367588037612	260
2295	324.9693445831643	164.3374179445048	724
2296	89.27072144172504	10087.785028523864	567
2297	160.4239718991896	10119.379885424885	639
2298	81.95206288730347	10083.45249917143	465
2299	-23.618494444718706	10034.999861751956	220
2300	328.3056998479104	173.16997806798838	674
2301	-77.21138252997679	10006.896347926406	121
2302	-66.87872206734882	10011.938643581017	147
2303	6.428845875920132	10045.478845092146	330
2304	-74.7366156336542	10008.44473572796	126
2305	46.40577594083146	10071.160390529776	354
2306	324.28642486829557	152.16415025892397	765
2307	-61.82550724071341	10013.471132578568	156
2308	37.40466922294661	10063.298901837255	358
2309	101.58411670395174	10095.592229199581	491
2310	70.76520810370116	10083.039942528536	420
2311	328.0707407557235	168.5809707610992	693
2312	325.02304842450906	158.15956373769825	744
2313	67.88393800298593	10080.750020090967	406
2314	15.276925822417596	10051.58726240747	308
2315	95.59824001650247	10095.933769119076	461
2316	-3.8136660557227344	10042.594570744195	283
2317	-29.396047309823686	10032.680494952237	201
2318	-20.47563377940402	10035.908338837718	242
2319	136.7474281660621	10109.384315665891	581
2320	71.4761953263806	10077.630919684258	451
2321	328.2817200809621	169.83741392756463	697
2322	324.6372897128637	157.1553672365897	744
2323	-62.398609751900345	10012.183326231972	175
2324	-45.56604176225507	32.298250776246526	2000
2325	-45.570813368922025	10022.702540708417	183
2326	68.20463446085282	10079.512716706668	411
2327	7.9626674212764215	10048.986902667173	332
2328	326.2760614587962	162.99592248374643	722
2329	34.44687839617663	10066.719911357593	324
2330	102.49262329128652	10101.206479741184	461
2331	109.64305272773791	10102.717568691838	502
2332	324.912220845429	156.98603845972875	744
2333	-52.88017191194045	10018.326134120029	167
2334	-41.33369225050505	10035.965162961584	342
2335	71.00589669362938	10081.066861133268	430
2336	-18.422799281385807	10035.90520583065	274
2337	325.3528009336953	162.4680911320576	716
2338	134.48950089404792	117.95446256828909	2000
2339	325.38020066944966	167.18917999447638	713
2340	116.1728946224408	10095.692221605757	594
2341	326.6959506392218	166.57399638857268	711
2342	156.21241822954494	10129.314252117918	576
2343	108.2987326237577	10101.210264152034	487
2344	325.18408506364113	162.73297822860556	729
2345	46.2690151754388	76.52054905750826	2000
2346	-52.876559761586904	10018.140566848648	176
2347	118.72532209510013	10102.828904580641	546
2348	325.3299791954183	153.76813687632017	754
2349	82.5731950781674	10084.514563147035	466
2350	-61.562695280538556	10012.2074711796	194
2351	321.6256908995325	145.85232236212283	798
2352	-58.302361938521436	10016.05682712727	154
2353	92.6165520750346	10095.483394649655	441
2354	-2.400646795077705	10041.393614595547	284
2355	214.8286310672928	10162.478203972678	668
2356	57.533818188272534	10077.660484658389	394
2357	-60.03248611731145	10014.137340071744	167
2358	-28.652157851985564	10028.662451658385	232
2359	21.68828780595733	10060.045942171808	305
2360	-78.68006992081645	10007.447487993113	134
2361	325.9233128200834	162.06277127933626	737
2362	328.1962958111556	166.63762803707777	705
2363	26.82299207489548	10055.849185643332	357
2364	-8.929385839327423	10038.861823256311	271
2365	139.51529760137947	10112.025700814876	584
2366	330.2855329188013	175.8246249969208	673
2367	-45.76997928697491	10020.88143906065	192
2368	107.19707428785293	10094.696129587428	540
2369	2.8422565486456506	10047.073615129924	281
2370	144.33702767089727	10119.192974176996	569
2371	61.10490532880678	10076.905571759757	401
2372	28.89669089524611	10060.96241265701	330
2373	-69.45986358689875	10010.307085540217	139
2374	323.0738479520293	149.37861149541592	780
2375	24.229297099350276	10052.993892212678	362
2376	325.35255957952825	162.47089107819446	725
2377	327.1648195924001	167.96669976251098	705
2378	-63.32672896867991	10013.7948352918	140
2379	-78.65191884465423	10006.41277704556	125
2380	-26.224078479726373	10029.767084199306	232
2381	322.5225490709439	148.59016129317936	792
2382	-67.5320210726273	10010.070704761643	161
2383	-57.95797400268066	10018.880201989776	301
2384	322.5981167775822	153.66962009707927	771
2385	327.93330992506304	166.73266557500781	706
2386	-52.04637770140061	10019.292288233508	174
2387	227.34045530828516	150.98195157511347	2000
2388	-29.873468588797863	10027.6826727253	227
2389	113.32678576477659	10094.93905311028	539
2390	-55.98604653079427	10015.501663031097	175
2391	20.86920413918942	10056.06013506842	327
2392	-78.43117330285801	10006.07654870701	130
2393	218.18709499317004	10152.791078586046	757
2394	325.8218136318922	158.75643699361837	744
2395	-41.06440355393169	10025.64050011508	190
2396	151.73663126815782	10117.83886803519	625
2397	203.42006530591846	10136.596662528631	765
2398	325.84462425803036	161.861479546587	731
2399	326.8956156217502	163.7648698692286	717
2400	-18.37294429126304	10036.985969354648	228
2401	60.15905519255193	10071.340918229482	511
2402	19.724981884579762	10060.827786333417	335
2403	-23.37721222097403	10035.124058152955	216
2404	-11.0481695687359	10040.70174583505	253
2405	-34.40897335569119	10025.939733733321	221
2406	320.15799090643003	153.27986348083928	735
2407	-77.00561931111531	10006.531129160403	136
2408	10.036680960306668	10051.544326691164	306
2409	-31.293534706777436	10027.106153393732	247
2410	77.26951439905005	10078.125955814014	470
2411	324.11831286913923	153.4414964635558	757
2412	54.57934748042868	10073.406918814828	453
2413	169.5785391402917	10124.698468418439	687
2414	135.80866511830303	10107.912305635893	593
2415	3.7538185906812203	10045.491818298944	290
2416	328.64828190181674	168.9308588550374	695
2417	63.57936612860786	10077.963130960467	408
2418	281.4723365680871	168.45370063149537	2000
2419	326.3013916781973	158.8295602723736	735
2420	324.4427460329916	154.4822771410031	754
2421	325.5916485612137	160.39794716011053	740
2422	317.04794933831215	146.4427497824382	871
2423	-73.90497847010231	10009.72907018757	192
2424	186.5444077501022	10133.45974113537	684
2425	-12.272876152471909	10035.384014714176	268
2426	327.44743165599107	169.88768009063733	695
2427	177.88010146311728	10133.886288129072	698
2428	38.30527470054014	10053.585044171417	429
2429	33.196928744903914	10062.3190854691	340
2430	326.75466898518175	157.57157992785602	731
2431	10.2885025560482	10050.129405855403	294
2432	322.894006866722	153.4536259834479	768
2433	-91.46968329960858	10010.385348675802	237
2434	-34.64737190687735	10027.543958377664	201
2435	196.64221261412473	10148.252293292413	704
2436	325.8779771144372	159.98587173691905	732
2437	328.44021794621705	169.23645583949818	698
2438	-41.85470109390353	10023.321556940879	203
2439	26.001787472607035	10058.59120709937	333
2440	-51.44347143194303	10017.084416766938	191
2441	-26.093051277563674	10033.568283522296	209
2442	121.5630418871406	10100.192627198418	565
2443	125.64171045146472	10107.640173800091	537
2444	63.97110075086229	10073.083225979773	447
2445	324.6342245504207	151.04906585437263	774
2446	325.81101796260896	155.01234016097698	747
2447	-23.143761341629173	10036.550538462667	218
2448	44.28544215806045	10073.682050275505	347
2449	-54.977425529878744	10016.813207456133	176
2450	139.8350313270649	10118.7406901969	559
2451	45.25376721453844	10066.746936930289	366
2452	49.39555078472938	10067.587367500613	398
2453	325.4009896693113	155.25284947258513	762
2454	323.9840219147062	151.91750102781927	774
2455	-21.070693222261127	10028.297898179264	291
2456	321.5170223082814	151.4196687892025	773
2457	69.55132994597508	10080.536534230605	413
2458	97.34341964836747	10091.502651984574	521
2459	322.08400659709145	157.74573682223834	783
2460	327.1921143388603	162.26241971851047	716
2461	325.5460370457417	157.94847937829667	742
2462	87.16747679659935	10081.674031801887	523
2463	324.33148982910427	157.16071505621983	733
2464	325.99794173804827	162.17296804408338	725
2465	-74.87125938241093	10007.59925856509	141
2466	71.87033856120726	10085.34139773211	405
2467	-68.06273638615647	10009.763814065776	153
2468	-46.309796613554234	10019.962542285783	197
2469	116.31366247201507	10092.14445981931	620
2470	65.85369874457302	10077.875858866679	415
2471	10.146002877902049	10052.746887213245	288
2472	322.177872721397	152.16947098488646	823
2473	105.90357327275947	10098.641842204712	493
2474	-25.628088458506696	10029.631451375551	245
2475	325.21017329086925	154.500388076088	756
2476	53.77648928954281	10071.671197089148	391
2477	164.90764741631938	10134.674957983034	578
2478	326.43168660471486	160.89033969954608	720
2479	320.2366573423992	148.77117089659674	807
2480	327.5622548950964	170.05287393568662	695
2481	327.2364585897409	164.2232891958465	714
2482	-81.27953329082405	10005.50668922408	135
2483	53.76299876051684	10063.588685149603	461
2484	322.5141406061856	150.23191181583115	789
2485	-7.056058530074807	10039.558984064583	294
2486	29.482011365285274	10054.634580854814	365
2487	-72.08274188351538	10009.59868786436	123
2488	-29.60561413728739	10028.27188341655	226
2489	105.37836217212592	10089.998756692252	556
2490	-29.53203557743636	10026.979313694917	232
2491	323.6711269678818	155.68805326637596	752
2492	127.89836190583318	10113.345215767196	519
2493	-67.43142414854172	10010.073579971604	169
2494	325.1028124418685	157.39350414281753	735
2495	327.3946831133227	169.4906185496522	688
2496	183.56399611983773	10127.789802676492	757
2497	203.6735849453343	10146.758697895943	699
2498	326.5599717106979	162.7830087553428	718
2499	323.6415254239058	161.0652115135403	765
2500	105.26605860579434	10094.026210825312	552
2501	321.77811668997305	157.8483828394113	751
2502	328.1459979510788	170.6997766622203	686
2503	321.70867759380275	145.0151783785827	790
2504	88.58498203697928	10094.454953674485	441
2505	192.85776519482778	10142.72313349006	677
2506	328.3035134945701	171.9525094705117	688
2507	6.971940521282136	10048.327322584633	291
2508	324.80864803629873	161.57070978497384	728
2509	7.814613804822301	10046.834464506981	310
2510	119.611240502693	10112.18938182113	550
2511	326.85420993248346	166.05826928177223	706
2512	8.616607083490479	10046.737449350474	302
2513	-13.338875119995905	10038.137385895576	244
2514	202.4822509567107	10153.830815135334	666
2515	165.19922753672233	10139.5074205242	561
2516	-15.890864687562015	10040.714040617808	245
2517	327.8245843405701	167.22661484984545	706
2518	-39.73825541558614	10026.281751097344	190
2519	-39.608060716606204	10025.544634552818	190
2520	326.80076158492705	159.64717532550762	728
2521	164.68413175655763	10123.340800049367	635
2522	327.02280971350257	164.60007857422258	721
2523	190.68406895434083	10131.453489179403	750
2524	63.50468579559177	10071.728430323581	446
2525	324.5235166181568	159.69234164069096	744
2526	325.18485714702854	173.32173847474562	690
2527	323.25833010992375	148.95501032472953	775
2528	58.27184383936034	10075.343441481129	390
2529	192.4330991470854	10138.797970397294	683
2530	325.06119868002804	160.87808680373888	719
2531	135.8408176054644	10123.81922230128	508
2532	3.8809957305389844	10048.493702889364	280
2533	150.1364124251215	10119.741058391994	591
2534	325.4990791057471	165.6907686105444	702
2535	-27.886081802202	10028.86419424656	228
2536	325.0893991740477	157.5050081306862	736
2537	-25.245083560424845	10033.411975273322	216
2538	325.6401742558271	159.06171219592247	734
2539	185.1000124563874	10150.37058676016	606
2540	49.553744036796246	10069.134721304355	388
2541	328.22426165003503	168.3504256732514	697
2542	317.87847445339946	135.8125791137329	847
2543	125.69506089508101	10109.309123709636	527
2544	-53.45889734187966	10019.058200289259	161
2545	-55.918297708036704	10018.332489699507	153
2546	-23.866985071858167	10035.18157390255	213
2547	122.39071085572428	10101.162820162157	575
2548	-36.24655168797362	10026.826902333198	204
2549	-45.990194703473776	10018.130832757402	210
2550	46.12305586260888	10071.549314761145	355
2551	327.5142948572762	176.64143499574462	665
2552	118.92865760275623	10105.633794528458	527
2553	-9.850080147010374	10040.777957010481	255
2554	98.40813605834879	10093.69234274691	501
2555	6.43781209178276	10049.029421193743	297
2556	321.46540998215875	148.87583390730205	800
2557	115.42176902399225	10102.195049576323	516
2558	24.808679332986173	10060.497275982321	309
2559	327.7597455961223	169.94986184707574	687
2560	13.520660396558029	10048.642267141537	331
2561	49.635008787349335	10065.665597862178	414
2562	326.66342695930035	169.8718280033489	703
2563	322.10307534044034	163.37207023681697	706
2564	-77.59173094510086	10007.077048221476	114
2565	91.11781336219363	10083.692118470506	510
2566	99.10635504629144	10090.077926669548	527
2567	116.66281983653428	10105.776161311755	505
2568	35.39829513071152	10065.37595551094	335
2569	-124.56951166045167	10012.270833490758	312
2570	75.31239007575314	10085.038431140094	426
2571	-47.66777724569656	10019.009224898295	186
2572	-8.497409427725358	10040.650159149169	255
2573	31.364842754686123	10058.831914449313	358
2574	51.10696853926234	10071.89362732282	377
2575	33.21359264872558	10057.970560896681	382
2576	78.74388397400372	10084.641351728776	432
2577	-56.816703159584236	10016.257058331694	171
2578	319.78425639920596	146.90445710106812	797
2579	-52.56514568422173	10020.762849180412	151
2580	-68.0260168528249	10011.175014309169	142
2581	119.39264274896914	10113.43800738439	489
2582	-30.877304196123575	10024.715353636748	255
2583	-56.50641248533914	10013.348867360846	212
2584	-41.40982111777254	10023.642109978815	219
2585	146.18367682264758	10130.060418862337	520
2586	323.3091001501188	159.8920709424479	739
2587	323.9695621259802	162.62806560376	723
2588	14.330203627050992	10052.802411486904	299
2589	-77.2242855461662	10006.877418377477	118
2590	-37.59966566800913	10025.431876994517	196
2591	320.97450867807527	152.5044685214784	773
2592	189.93181988197756	10145.991270447177	643
2593	185.82683784225094	10135.526573090918	668
2594	59.711341896259825	10080.851283505217	379
2595	49.68049527759044	10078.535961925916	339
2596	73.79863934625658	10081.163491276611	449
2597	88.68933614000531	10088.721536503685	471
2598	-47.319535906320176	10020.753932561684	236
2599	-34.6068091541286	10028.65437446749	204
2600	-20.780470952009637	10035.335923464852	227
2601	70.10403123085808	10080.83829517649	431
2602	181.8351683539753	10150.082904637437	591
2603	326.40646118343506	171.47639395106296	680
2604	162.07949926998236	10120.768210890834	647
2605	169.23736048092042	10140.57438234692	582
2606	121.33681265048278	10106.720781785765	535
2607	13.704975521225705	10053.822806855074	294
2608	327.4590414178693	170.02437873956325	697
2609	209.06981098697634	10153.045913622604	722
2610	-11.681463974310773	10041.33052827277	238
2611	2.430414660879819	10046.476698253025	287
2612	-62.3838632459537	10014.951526129134	141
2613	330.26702222025745	180.49337597884514	658
2614	-28.7119371194984	10028.980322628016	244
2615	46.252962089100606	10066.70704688232	404
2616	-66.9144069066376	10012.638276084917	134
2617	188.83468408551806	10150.240766262274	656
2618	-15.542984518151897	10035.79825638099	291
2619	32.49876657135343	10062.595851484964	334
2620	-55.09960096825538	10017.157856936366	161
2621	-28.87714962835986	10030.769514271055	223
2622	136.44329659038138	10115.698067113746	607
2623	-28.876124501627928	10030.792111673616	210
2624	325.8836931112534	164.41439592729898	705
2625	326.1109209548937	170.64673596982078	687
2626	-48.16196906853205	10023.03118556991	164
2627	158.46680876819937	10128.881270095586	580
2628	109.56847763493002	10113.300350058857	455
2629	161.9952652820882	10140.756061684364	581
2630	328.6851817402663	171.59118639113467	691
2631	324.50333032036735	165.63447400943195	715
2632	65.72059393035829	10082.084009332399	401
2633	-70.78766482805774	10010.595873241266	127
2634	327.37514327455665	170.10236141954059	696
2635	323.57361867156715	158.6539729024449	744
2636	89.02875756977315	10099.214567128238	417
2637	325.79927196171354	169.58611279454743	712
2638	-33.92870946541217	10030.234275415636	198
2639	-58.54928716540099	10015.769725896856	157
2640	25.42438630094739	10060.848702092213	333
2641	327.0588088633088	164.98219816061018	712
2642	-76.89234820986198	10006.942251393353	123
2643	-66.34711554250029	10011.457803257763	141
2644	-73.95171318576524	10008.980497512985	211
2645	-5.861691977410018	10040.662240601456	269
2646	-50.64827953560567	10021.135664890802	160
2647	61.85395151705504	10079.056892554201	456
2648	-60.77479242295121	10014.514548937543	154
2649	-11.440945940895773	10043.526166455174	228
2650	51.57860993944237	10069.902018288733	390
2651	-54.28817026889106	10018.596020485033	161
2652	326.3798017733583	167.98992944211892	686
2653	2.830915056697137	10039.97478082384	344
2654	-1.4249491708869044	10044.303478326437	273
2655	109.96523729113665	10111.276814753584	451
2656	-74.46137384243342	10008.096531921286	128
2657	65.95629192507786	10080.0505125212	408
2658	326.32330271192006	164.69100548241303	718
2659	181.52569607692965	10152.441197115806	582
2660	-35.573306924575306	10029.593062594902	196
2661	98.88788158718495	10101.297782838741	450
2662	57.34374316099132	10074.286515797488	391
2663	325.6041409854518	161.6918313098439	731
2664	8.417871724628867	10041.706277206875	368
2665	326.2499737204497	168.65863071011398	700
2666	-28.19275666993613	10034.353138884306	194
2667	31.438511772848017	10065.372473086121	321
2668	326.52212191591843	168.84391853904904	692
2669	-17.29012235955541	10072.130471891356	388
2670	-55.7969664775682	10017.215886491555	165
2671	200.66212050898076	10150.35900322661	669
2672	177.69007445409864	10137.126435652151	636
2673	118.44816217580203	10110.74705239046	486
2674	-2.4099389610801296	10047.568380110568	254
2675	147.09465020990623	10119.693875473162	574
2676	34.25904678565186	10057.229231992254	376
2677	325.1650086774119	169.84971315946703	696
2678	16.809614740456283	10059.690669340434	277
2679	323.06138639675413	156.12852688850703	753
2680	-16.1529736178869	10040.739921368748	218
2681	184.0946961261031	10148.172899692247	605
2682	7.943502018925216	10049.682667754343	284
2683	137.77447819258734	10112.916416314172	560
2684	49.62032286533716	10070.052927034278	384
2685	-11.917303038896875	10041.36161572424	241
2686	-11.262599805207017	10041.856308048475	248
2687	327.5823290017126	167.89700116176232	699
2688	40.91365432223097	10071.466255187977	332
2689	13.453587633072928	10056.678379919193	278
2690	-23.685162945933172	10032.45729419852	230
2691	326.3463070090017	176.726189498346	662
2692	1.9682116437371775	10049.566245270575	257
2693	6.647845671229646	10042.981359727892	331
2694	325.1660210239963	160.14494175823629	738
2695	200.2472374309425	10154.620781384496	647
2696	-2.1961130119446324	10044.630339572095	266
2697	-14.946120815034789	10041.828041253548	220
2698	326.2143547463588	162.37965862659797	735
2699	76.34211773779194	10087.760355556748	412
2700	176.5044808139483	10148.045629856617	576
2701	59.389027080963274	10071.731973820804	419
2702	129.70703648842002	10113.01230710093	531
2703	-15.249908139196108	10038.878076386385	230
2704	-65.55542475400463	10014.033292573453	131
2705	126.63407589210215	10112.797561399631	528
2706	-45.28891512459728	10023.462720682757	177
2707	-28.332035442275583	10031.365766400195	219
2708	131.33495012422858	10113.708693297085	554
2709	323.0482125148913	152.251396677836	756
2710	215.3362085181808	10153.829376161813	743
2711	55.88467584997218	10074.370669380898	386
2712	156.56487361150602	10129.363093810956	575
2713	132.89440200801883	10121.208521669463	506
2714	327.20112318607875	168.26966631351917	700
2715	190.39280058698716	10137.943065757512	690
2716	-41.331357736844964	10025.316205281784	185
2717	-78.0932218782937	10006.942806046907	111
2718	-6.174668939242679	10045.953106154322	244
2719	319.51012244453466	145.86373554148133	845
2720	4.883634412913835	10050.510324661645	279
2721	24.307957346533613	10060.668783569905	304
2722	0.47067801046677005	10044.249014609097	303
2723	80.26926028297342	10087.511796491712	435
2724	141.74995448187622	10118.4802413002	553
2725	325.64795035363653	162.02050729393767	732
2726	327.50993049359516	176.18247473896065	668
2727	132.3634607539118	10120.596713043808	514
2728	-57.234300055485505	10016.177393461832	160
2729	-35.27432855506537	10026.740541531259	208
2730	322.4552591678801	155.998793811164	760
2731	-74.56476239460973	10008.864697140807	117
2732	-40.81610435091276	10024.245620728896	194
2733	-7.394672525004296	10037.789568412703	299
2734	1.5015902983459029	10045.767599058407	277
2735	186.82649728517816	10129.939694163171	724
2736	327.80661384937696	172.4327240711507	682
2737	-44.68809659182605	10021.303095294577	213
2738	204.5600553454002	10145.75989943324	723
2739	92.84997649084016	10095.858653174551	449
2740	314.3883879694684	155.94656421221367	936
2741	6.083812222160361	10051.59403467006	284
2742	141.27582733285007	10122.822953837054	534
2743	193.98686525215896	10154.345849968176	621
2744	-59.78368728687069	10014.278200773675	169
2745	-78.07903213969286	10007.246828774209	108
2746	151.6296170947528	10112.280107902481	656
2747	-57.08371810650454	10018.481374193523	148
2748	15.524308880945057	10054.193589192273	317
2749	186.0259951002081	10144.74589172202	672
2750	27.326237084225568	10063.65939074353	314
2751	94.43097847202469	10094.474915815521	452
2752	-34.68197269177328	10029.021474226123	193
2753	35.43975058313771	10061.071586335758	368
2754	17.982693504939874	10053.776802583543	313
2755	326.4540607431219	167.1144062675024	718
2756	158.124312705232	10117.863742333726	685
2757	10.295193989623499	10047.214353781716	311
2758	-34.6325269629651	10029.614028694206	189
2759	82.8778895920922	10092.400734486613	420
2760	27.584459305451347	10061.32306672914	325
2761	185.35985940016064	10149.712238010849	608
2762	320.8347682970477	153.70031422311686	791
2763	88.12763383422376	10090.607854582702	455
2764	196.76123260658096	10142.219509030634	716
2765	40.45441949463779	10066.540964783047	361
2766	161.216493726502	10130.638032762496	591
2767	324.2805294819109	160.13875771508395	735
2768	61.325115890429515	10081.392695423683	382
2769	323.98574284443373	166.21056092368218	696
2770	-17.246024223090487	10037.679867305067	232
2771	61.63489751868431	10086.217578471544	362
2772	212.30015721722634	10158.097659643288	679
2773	65.38758804217423	10080.976750313626	390
2774	58.468215922072915	10076.199622445894	390
2775	-22.593255189457977	10036.801720903968	214
2776	58.21993120726816	10082.519444765332	356
2777	194.81894616784638	10140.783894852395	717
2778	-77.49727492310572	10007.395529143376	115
2779	326.09911585352404	176.791972406629	663
2780	17.882344841865986	10055.62489389834	304
2781	65.86250937989769	10076.517327884072	418
2782	67.76678894681027	10073.350468923012	461
2783	27.458931453597728	10065.06565877324	304
2784	126.16179640721612	10109.450654252578	545
2785	145.2044434132098	10120.730526720736	569
2786	110.27150205686783	10107.979960855084	489
2787	-64.78930328221773	10012.731809325123	172
2788	328.103162769864	175.76634079929445	675
2789	324.42674342391274	161.6074965005461	748
2790	-21.303154656168445	10035.837122175573	237
2791	66.58659212909845	10084.078739302271	391
2792	-64.51719265772394	10011.96089897605	157
2793	-23.49965973150549	10033.088509641844	228
2794	321.09199863943434	156.46010155407163	761
2795	130.9207697650147	10115.996853345308	526
2796	63.28772462951821	10075.382864840723	412
2797	-65.29774703982338	10012.592202712869	138
2798	324.71741364193593	168.69230646479443	698
2799	144.1167413897425	10113.76034438193	600
2800	120.46998731591168	10110.62627182365	498
2801	-52.294974939917516	10067.709646690559	895
2802	-47.20942122151964	10022.533650889773	177
2803	36.011677265803314	10069.819581873815	320
2804	31.42876994514981	10056.756753422658	379
2805	323.6779423265984	171.74489787205604	669
2806	25.139365993558584	10058.74440626092	346
2807	325.1414311943354	163.81181999423924	721
2808	-46.97150390085169	10019.931205350174	192
2809	-68.04106205599071	10011.919845914961	129
2810	17.150909742511402	10057.767662853976	286
2811	70.41640596378676	10074.343705876343	451
2812	62.31290976840518	10082.773707721371	376
2813	112.86060255421822	10097.076655316552	549
2814	197.8660978829164	10142.327241186944	694
2815	-65.74760860441812	10012.982881307124	148
2816	-20.05749706317029	10033.72009266561	241
2817	198.8885843753414	10162.533530680714	607
2818	324.54532510193997	161.49788662345463	734
2819	320.11216636873985	158.7498738541313	722
2820	-6.012300253585849	10040.582436116098	280
2821	100.10406039677233	10104.557084333916	432
2822	127.50174766381124	10119.984664776623	488
2823	-78.01660778216853	10007.255638617205	115
2824	10.003873744012026	10049.06962022837	299
2825	322.5450918228808	165.92048110652613	767
2826	-30.139648317519942	10031.520381226532	203
2827	-58.03695186360895	10014.619180170008	211
2828	323.7595441259051	161.22020339129895	716
2829	215.22310259666364	10151.867979724575	757
2830	-16.58452095061176	10036.717740610688	238
2831	99.9337652407417	10092.287175669439	511
2832	-24.871722934726037	10034.645937769152	213
2833	198.46757541284035	10155.689503983038	631
2834	81.48581220531253	10096.323307926503	397
2835	326.84572709152866	169.72504995893158	692
2836	323.7826101133721	163.31568391382282	720
2837	-59.28082185902022	10012.835496351534	189
2838	-30.74260355235903	10029.608905420255	211
2839	-67.57345477837323	10012.148779993253	136
2840	136.07001557848454	10110.738469018384	588
2841	-26.64890768621946	10030.741055803726	222
2842	325.4247741088824	168.07496213136972	710
2843	34.32062760461034	10065.65375237337	327
2844	-3.384528192908718	10047.02196268776	249
2845	8.97846261961817	10051.314682553173	291
2846	93.970303523106	10088.807321793583	501
2847	3.5689980198060596	10050.83127489473	259
2848	72.53461980917828	10075.012623817955	479
2849	-2.4714658462974057	10046.198855303599	256
2850	25.805471299002264	10052.608999130422	357
2851	81.59431724157022	10095.854619900958	398
2852	49.97254515033919	10076.350439153262	346
2853	57.702296921389916	10080.370254929716	378
2854	324.83566980429015	161.96229384762054	723
2855	326.14591840375743	164.19605861009458	729
2856	-57.83822124111993	10015.292258885087	158
2857	326.249708406522	163.09988824193226	710
2858	-4.140860462411908	10038.448671440092	299
2859	326.56789408543256	169.25377143105857	696
2860	67.75554829139338	10073.64713476544	474
2861	115.5839946773614	10103.562795822847	512
2862	327.4052940342085	168.2840132788433	691
2863	-21.653955327500697	10035.10999534981	225
2864	101.45401689624595	10097.415997981234	492
2865	-56.4228877470845	10015.792959280394	177
2866	326.0917554673172	163.873425013073	708
2867	326.23106082259295	162.87871706199914	718
2868	327.71868237317403	172.59759133678466	679
2869	113.81445753414081	10103.87541492286	527
2870	327.67949065496254	170.71208193623488	694
2871	18.850977801344385	10055.808063800594	309
2872	-60.37214504472289	10015.916581203992	146
2873	327.93186791657047	171.74338305922538	689
2874	-32.76161433807886	10028.632124154406	209
2875	31.7290032768596	10063.840054337552	324
2876	-54.9590652209528	10018.479927626538	155
2877	136.46091950437398	10109.485893390003	593
2878	324.51120351340495	164.8912662065847	704
2879	-19.00659086706152	10034.16112963722	243
2880	-1.87352021091219	10040.988583908835	296
2881	325.45280293462815	161.7380058426807	742
2882	326.24845982353855	166.23991806120327	704
2883	325.1039849341505	165.24112858567042	735
2884	-67.04899447831284	10013.781544043482	122
2885	-17.98792002191712	10033.864969186185	255
2886	131.44139500801847	10117.662109995517	515
2887	35.868519547049374	10070.314282466534	313
2888	52.75713909474848	10075.464407725964	365
2889	113.48108308077968	10108.523532247307	486
2890	-14.218661714208295	10037.751751187141	242
2891	-26.354399825064547	10031.918968885877	229
2892	323.7822412952789	162.14827738606473	725
2893	325.59285942120476	166.32198750194712	711
2894	160.62520131891188	10118.030428340053	640
2895	324.87271300453835	161.05553402421342	728
2896	-75.95283455914686	10008.652575033699	112
2897	329.74532169049695	176.30443846459553	671
2898	104.76055788432305	10097.37173145107	494
2899	317.6048821870887	142.52285663811276	846
2900	71.6811000500646	10080.109712424155	422
2901	133.32006381278177	10124.01141984158	491
2902	14.078642421760946	10051.779460955586	309
2903	-28.565038741043352	10031.06829158307	222
2904	327.9845404304926	170.85967248851398	687
2905	69.45245223551544	10076.755920262032	434
2906	326.87880750719364	164.40031251571605	717
2907	52.19993883029636	10075.872362598633	353
2908	118.62989661803118	10106.40605584146	521
2909	24.43646681936258	10060.326809358554	310
2910	8.049005865325483	10050.526018238876	284
2911	212.02684652615721	10159.01432667943	668
2912	320.835854530644	156.02963730258514	789
2913	-7.058725649877374	10042.963749097453	251
2914	326.56587708363924	171.53003087899793	688
2915	-50.327187031248904	10021.051615695846	162
2916	80.80023567069478	10093.764838507546	431
2917	326.8787867665271	164.01821349573845	718
2918	-24.234331540952425	10036.48857211993	202
2919	325.85682424918974	159.40424646120204	729
2920	14.793117391134459	10051.794771949635	317
2921	328.4440306051143	174.41951979865402	686
2922	189.47037009129292	10142.759459945615	670
2923	-64.90343607929177	10040.440717680784	1112
2924	326.4053406248992	171.56259023180175	688
2925	189.20900055597417	10147.066963773661	650
2926	104.8391012280675	10101.020624283901	474
2927	29.349777656521923	10056.891967456475	353
2928	22.993248502111484	10058.313977245663	307
2929	-22.96848186996432	10051.498027876869	384
2930	5.519517042921777	10051.647472144947	263
2931	45.45204943330933	10069.528176088419	354
2932	146.14606744949143	10115.980484067457	589
2933	324.3459218459063	159.7456970577667	736
2934	328.7847871371135	181.47810066902832	647
2935	326.08117381566365	163.03789162165603	711
2936	-21.12058984164321	10034.851062736701	239
2937	-15.409976850883723	10039.861429557875	226
2938	324.09926453197903	158.66808426574113	736
2939	203.14654633665322	10154.150098111551	656
2940	-73.84190790977841	10010.188841651985	129
2941	65.72868066689173	10079.038278495656	408
2942	31.424063586153977	10061.076649399658	336
2943	-63.20421184112907	10015.348520528796	134
2944	150.97481852662938	10123.851930136216	568
2945	-22.826437584345456	10038.936020250332	230
2946	326.3668616285922	171.37309887699882	689
2947	27.469282277201742	10063.4246754026	306
2948	149.1228756927864	10121.08882090358	572
2949	-23.290134269469505	10032.271644809858	230
2950	-63.302375775732415	10014.518285563849	138
2951	329.10466060657984	177.04696973255625	672
2952	56.75328559993599	10073.471043585443	395
2953	306.48247180712866	174.28975891904923	1077
2954	-23.904895111969225	10035.041700964404	215
2955	326.1747856252628	163.83133234843572	713
2956	130.3358055255921	10109.866747279102	561
2957	326.27789922311086	167.89446165997944	694
2958	-7.245433383260476	10044.12057894499	241
2959	324.2196205021549	163.68100889336114	715
2960	71.52572980599646	10080.46405406121	425
2961	-1.5733543962331282	10045.148782678802	266
2962	211.5313982545465	10161.897969517466	687
2963	321.3361818185584	150.60691784989277	797
2964	327.18967268502064	172.63294088108663	684
2965	-25.176106948036406	10032.456417060199	221
2966	102.24062958188867	10113.462118051579	419
2967	-59.326582811126634	10015.859897561177	157
2968	27.01277359083295	10057.913614229432	335
2969	325.42779897031966	163.46796911388324	720
2970	68.64557979467372	10085.722339413423	387
2971	326.19728925053226	166.9854321388603	702
2972	83.5634871644595	10098.18791933914	398
2973	325.36789092545285	164.36698285481788	733
2974	139.8150636145056	10126.767232281403	518
2975	324.64659234043404	161.17777438897494	758
2976	-25.443745287499453	10032.140991919958	218
2977	-17.38707715697899	10040.260376234468	216
2978	64.12613154413333	10081.734130779878	391
2979	325.9397582736345	165.59374100590787	709
2980	51.564206734029824	10080.577745023005	418
2981	118.4199367147983	10101.159214126552	547
2982	122.20016303168123	10101.946993091047	545
2983	12.49841635831956	10051.376979151073	299
2984	104.52624728171944	10098.278233729538	489
2985	328.53172361497593	168.3648446780771	704
2986	327.0641062520011	172.11445519098376	691
2987	54.50263412425528	10072.856486031716	386
2988	-54.41154885011864	10019.300046824892	156
2989	215.29107490554998	10164.616297681168	664
2990	326.80825503086726	164.4186676990255	711
2991	183.4805791365772	10135.963233238175	666
2992	317.90879355538675	153.5448093146029	749
2993	325.1058450546766	170.62583522515024	678
2994	-59.368862547092746	10014.627069251304	154
2995	312.148576910303	148.30792532376944	944
2996	171.13142765839314	10146.825284306831	561
2997	-44.06825290689278	10025.008573595162	171
2998	189.56586661862184	10139.409110314733	680
2999	106.54551754086816	10104.333955200336	475
